MMSI,TIMESTAMP,LAT,LON,SOG,COG,anomaly,anomaly_score
616620391,1719822646,36.95937333333333,24.973155,33.9,332.70000000000005,1,0.07439038012079213
616620391,1719822734,36.972515,24.973026666666662,31.9,23.3,-1,-0.19175578570660712
616620391,1719822742,36.97347,24.973895,31.6,30.200000000000003,1,0.07867161280843576
616620391,1719822744,36.9737,24.97413,31.700000000000003,31.700000000000003,1,0.20050677263135103
616620391,1719822750,36.97438,24.974875,31.9,35.9,1,0.1159629699627222
616620391,1719822754,36.974825,24.975393333333333,32.1,38.2,1,0.14949387866518316
616620391,1719822756,36.975051666666666,24.97565,32.300000000000004,38.900000000000006,1,0.1816752371852413
616620391,1719824218,37.08710333333333,25.147033333333333,8.6,69.0,-1,-0.24000176179375043
616620391,1719824261,37.087518333333335,25.147921666666665,2.1,55.3,-1,-0.16185513935125717
616620391,1719824275,37.08752333333333,25.147935,0.6000000000000001,58.400000000000006,-1,-0.03805176550347
616620391,1719824278,37.08714666666667,25.147935,0.4,0.0,1,0.02503791460242688
616620391,1719824281,37.08749,25.14793833333333,0.4,133.5,-1,-0.029388070286548995
616620391,1719824301,37.087246666666665,25.148025,2.4000000000000004,162.5,-1,-0.07549917843180809
616620391,1719824311,37.08712,25.148075,2.7,162.70000000000002,1,0.04488599979378338
616620391,1719824314,37.08708833333333,25.148085,2.6,163.3,1,0.08324350370993056
616620391,1719824348,37.08698166666667,25.14808,0.3,207.1,-1,-0.1067691707281957
616620391,1719824408,37.08689,25.148055,0.2,171.10000000000002,-1,-0.07586622630492312
616620391,1719824447,37.086875,25.148011666666665,0.1,235.1,-1,-0.05345084671556566
616620391,1719824468,37.08672,25.147995,0.1,0.0,-1,-0.06663966922985154
616620391,1719824478,37.08686,25.147985,0.2,234.2,-1,-0.03855342833303854
616620391,1719824567,37.086868333333335,25.14799,0.1,54.400000000000006,-1,-0.1428772006391138
616620391,1719824578,37.08687166666667,25.147998333333337,0.1,54.8,1,0.07284339641383597
616620391,1719824638,37.086875,25.14800333333333,0.0,231.7,-1,-0.13641162058329126
616620391,1719824687,37.08687166666667,25.14799333333333,0.0,232.7,-1,-0.03926132651946723
616620391,1719824718,37.086875,25.147996666666668,0.0,58.400000000000006,-1,-0.09246348734422927
616620391,1719824737,37.08688,25.14799333333333,0.0,330.70000000000005,-1,-0.05575740613883429
616620391,1719824768,37.08695,25.14788833333333,0.7000000000000001,302.2,-1,-0.07263029643688534
616620391,1719824819,37.087095,25.147065,4.7,276.1,-1,-0.15129180168163303
616620391,1719824838,37.087035,25.146281666666667,6.9,264.5,-1,-0.09035423180192381
616620391,1719824879,37.08662,25.144138333333338,9.7,255.4,-1,-0.1461130822420489
616620391,1719824999,37.08483833333333,25.137083333333333,10.8,254.0,-1,-0.16353944666841413
616620391,1719825082,37.08655,25.128835,25.200000000000003,301.1,-1,-0.2287540462877079
616620391,1719825220,37.10481,25.12697,32.4,21.200000000000003,-1,-0.22008309900287748
616620391,1719825224,37.10523833333333,25.127166666666668,32.5,21.0,1,0.19605195684105148
616620391,1719825228,37.10595,25.12749,32.5,20.6,1,0.18910345831455655
616620391,1719825240,37.10767166666667,25.12828,32.800000000000004,20.3,1,0.04497429247707696
616620391,1719825260,37.11055666666667,25.12968333333333,33.300000000000004,21.200000000000003,-1,-0.06244632313650378
616620391,1719825276,37.11287333333333,25.13082,33.5,21.4,-1,-0.001854222429131691
616620391,1719825278,37.11316333333333,25.130965,33.5,21.5,1,0.2300084672376636
616620391,1719825280,37.11345333333333,25.131111666666666,33.5,21.6,1,0.2294714872525031
616620391,1719825282,37.11374333333333,25.13125833333333,33.6,21.700000000000003,1,0.21602146733354544
616620391,1719825288,37.11461666666667,25.13169333333333,33.7,21.700000000000003,1,0.1580094424159868
616620391,1719825292,37.11520166666666,25.131978333333333,33.7,21.5,1,0.20544854985365735
616620391,1719825294,37.115496666666665,25.13211666666667,33.800000000000004,21.4,1,0.21438534270230286
616620391,1719825296,37.11579166666667,25.13225,33.800000000000004,21.1,1,0.22530821176597865
616620391,1719825298,37.11608666666667,25.132376666666666,33.800000000000004,20.700000000000003,1,0.22428490490378777
616620391,1719825300,37.116385,25.13249833333333,33.7,20.3,1,0.2140914374628538
616620391,1719825304,37.11658666666667,25.13273166666667,33.7,0.0,1,0.15893967243295604
616620391,1719825306,37.117275,25.132846666666666,33.6,19.0,1,0.14820582176266894
616620391,1719825308,37.11757,25.132965,33.6,18.8,1,0.22728692452844185
616620391,1719825310,37.11786833333333,25.13308333333333,33.6,18.6,1,0.22716438646304388
616620391,1719825314,37.11846333333333,25.133325,33.6,18.4,1,0.2036031379976771
616620391,1719825316,37.11876166666666,25.133441666666663,33.6,18.2,1,0.22671286349520697
616620391,1719825318,37.11872,25.133501666666668,33.6,0.0,1,0.15680917583246007
616620391,1719825322,37.11965666666666,25.13379,33.7,17.7,1,0.1317016135081277
616620391,1719825326,37.12025333333333,25.13402333333333,33.6,17.6,1,0.19456333859710995
616620391,1719825328,37.12055166666666,25.134143333333338,33.7,17.7,1,0.2143162385502374
616620391,1719825330,37.12085,25.13426,33.7,17.6,1,0.22705507166518812
616620391,1719825332,37.121295,25.134443333333333,33.7,17.7,1,0.2133647913649001
616620391,1719825336,37.121743333333335,25.134625,33.7,17.8,1,0.20722043338401458
616620391,1719825340,37.12234333333333,25.134868333333333,33.800000000000004,17.8,1,0.18999476129869797
616620391,1719825344,37.12294333333333,25.135103333333333,33.800000000000004,17.7,1,0.20107039519422726
616620391,1719825346,37.123245,25.135213333333333,33.800000000000004,17.5,1,0.22443009576549133
616620391,1719825348,37.12354333333333,25.135328333333337,33.800000000000004,17.400000000000002,1,0.22509543671336102
616620391,1719825352,37.12414166666667,25.135561666666668,33.800000000000004,17.400000000000002,1,0.19888101684643195
616620391,1719825354,37.12443833333333,25.135685,33.800000000000004,17.5,1,0.22509543671336102
616620391,1719825356,37.124735,25.13581,33.7,17.7,1,0.21424384011523684
616620391,1719825358,37.12503,25.13593833333333,33.7,17.900000000000002,1,0.2259796988883973
616620391,1719825362,37.125615,25.1362,33.6,18.4,1,0.19157470118502012
616620391,1719825364,37.125906666666666,25.13633,33.6,18.6,1,0.22728692452844185
616620391,1719825366,37.1262,25.136456666666668,33.6,18.7,1,0.22835828765227356
616620391,1719825370,37.1264,25.136706666666665,33.5,0.0,1,0.1531157784309336
616620391,1719825372,37.12708166666667,25.136828333333337,33.5,18.7,1,0.1584397670639754
616620391,1719825374,37.127375,25.13695166666667,33.5,18.7,1,0.22709958611128012
616620391,1719825376,37.12766833333333,25.137073333333333,33.4,18.6,1,0.21587808020447802
616620391,1719825378,37.12796166666666,25.137198333333338,33.4,18.6,1,0.22706686859111835
616620391,1719825380,37.128255,25.137328333333333,33.4,18.7,1,0.22823068814112796
616620391,1719825382,37.128546666666665,25.137456666666665,33.4,18.9,1,0.2272020748856567
616620391,1719825388,37.12938666666667,25.13787,33.5,0.0,1,0.11457954154303579
616620391,1719825390,37.129713333333335,25.13800833333333,33.5,19.8,1,0.18507282416484794
616620391,1719825392,37.130008333333336,25.138148333333337,33.6,20.0,1,0.21591651652638838
616620391,1719825396,37.13059666666667,25.138425,33.7,20.200000000000003,1,0.19661512165603745
616620391,1719825400,37.13118333333333,25.1387,33.7,20.3,1,0.20525523772729148
616620391,1719825402,37.131475,25.138845,33.7,20.5,1,0.22753041084862724
616620391,1719825406,37.13204833333333,25.13915833333333,33.7,21.4,1,0.20148586076748282
616620391,1719825410,37.13261666666666,25.139495,33.7,22.6,1,0.19873466988002364
616620391,1719825412,37.13289666666667,25.13967166666667,33.7,23.3,1,0.22735853632321584
616620391,1719825416,37.133455,25.14003,33.7,24.5,1,0.19851521982210696
616620391,1719825424,37.134566666666665,25.14074,33.7,25.9,1,0.1287027264275344
616620391,1719825426,37.13498333333333,25.141003333333337,33.6,26.1,1,0.2036490224282821
616620391,1719825428,37.13498333333333,25.141003333333337,33.6,26.1,1,0.19660522139171238
616620391,1719825430,37.13554,25.141355,33.6,26.3,1,0.2046750723695746
616620391,1719825432,37.13567833333333,25.141441666666665,33.6,26.3,1,0.21794677512338978
616620391,1719825438,37.13621333333333,25.141973333333333,33.6,0.0,1,0.12307708364550024
616620391,1719825440,37.136795,25.142146666666665,33.6,26.6,1,0.1624503630068856
616620391,1719825442,37.13722166666667,25.1424,33.7,26.3,1,0.20233193054651255
616620391,1719825444,37.137365,25.14248333333333,33.7,26.200000000000003,1,0.22046538678227218
616620391,1719825448,37.137935,25.142803333333333,33.7,25.5,1,0.20266289777651053
616620391,1719825450,37.13822,25.142966666666663,33.7,25.4,1,0.22931601220858217
616620391,1719825452,37.13850166666667,25.14313333333333,33.7,25.3,1,0.22953175840610757
616620391,1719825454,37.138783333333336,25.143301666666662,33.7,25.4,1,0.22931601220858217
616620391,1719825456,37.13906333333333,25.143475,33.7,25.5,1,0.22931601220858217
616620391,1719825458,37.139343333333336,25.14365,33.7,25.700000000000003,1,0.22787853325189927
616620391,1719825462,37.13990666666667,25.144003333333337,33.7,26.0,1,0.20409076655491687
616620391,1719825464,37.14018833333333,25.144178333333333,33.800000000000004,26.0,1,0.21313136156624551
616620391,1719825468,37.14075833333333,25.14451333333333,33.800000000000004,25.8,1,0.20297047231719412
616620391,1719825472,37.14131833333333,25.14485833333333,33.800000000000004,25.9,1,0.20283461126341157
616620391,1719825474,37.141595,25.14503833333333,33.7,26.1,1,0.21660724253946656
616620391,1719825476,37.14187,25.14521833333333,33.7,26.4,1,0.2279654867355187
616620391,1719825480,37.14242333333333,25.14558,33.7,26.700000000000003,1,0.2037863601128067
616620391,1719825484,37.14298333333333,25.14593333333333,33.7,26.700000000000003,1,0.20293248845811213
616620391,1719825486,37.14326333333333,25.146106666666668,33.800000000000004,26.6,1,0.21406093588148056
616620391,1719825498,37.14494833333333,25.147141666666663,33.7,26.3,1,0.057270606114062095
616620391,1719825500,37.14523166666667,25.147315,33.800000000000004,26.3,1,0.21296816835387894
616620391,1719825502,37.14551166666666,25.147495,33.800000000000004,26.3,1,0.22558135293650294
616620391,1719825504,37.14579333333333,25.147673333333337,33.800000000000004,26.4,1,0.2269694629454544
616620391,1719825508,37.146355,25.148036666666663,33.9,26.700000000000003,1,0.19452668097279918
616620391,1719825510,37.146638333333335,25.148215,33.9,26.700000000000003,1,0.224803846686143
616620391,1719825512,37.14692,25.148395,34.0,26.8,1,0.2128074140417736
616620391,1719825514,37.14720333333333,25.148571666666665,34.0,26.700000000000003,1,0.2264201758556711
616620391,1719825516,37.147488333333335,25.148746666666668,34.0,26.6,1,0.2264201758556711
616620391,1719825518,37.14777333333333,25.14892333333333,34.1,26.6,1,0.20942770255840726
616620391,1719825520,37.14805666666667,25.149096666666665,34.1,26.5,1,0.22267072680946293
616620391,1719825522,37.14834,25.149271666666667,34.1,26.5,1,0.22189496345918897
616620391,1719825524,37.148625,25.14944833333333,34.1,26.4,1,0.22279042905912216
616620391,1719825528,37.14905,25.14971333333333,34.1,26.4,1,0.1994137572907304
616620391,1719825530,37.14962166666667,25.150065,34.2,26.4,1,0.18440902268380338
616620391,1719825532,37.149765,25.150155,34.2,26.4,1,0.20728558868872532
616620391,1719825534,37.15005,25.15033,34.2,26.3,1,0.2181396283467688
616620391,1719825536,37.150335,25.150506666666665,34.2,26.3,1,0.21723239099766606
616620391,1719825540,37.151046666666666,25.15095,34.2,26.4,1,0.1806498834208105
616620391,1719825542,37.15114666666667,25.151041666666668,34.2,0.0,1,0.15167307358411547
616620391,1719825544,37.151473333333335,25.151221666666668,34.300000000000004,26.5,1,0.14708939311157948
616620391,1719825552,37.15262,25.15193333333333,34.4,26.5,1,0.11266998723832028
616620391,1719825554,37.15290666666667,25.152111666666663,34.4,26.5,1,0.21036112896845416
616620391,1719825558,37.15328,25.15246833333333,34.4,0.0,1,0.13540942414643037
616620391,1719825560,37.15376166666667,25.152645,34.4,26.4,1,0.14969439168571513
616620391,1719825562,37.154048333333336,25.152821666666668,34.4,26.4,1,0.21048499476654536
616620391,1719825564,37.15433333333333,25.152998333333333,34.300000000000004,26.4,1,0.2035414879668827
616620391,1719825566,37.15461666666667,25.153176666666667,34.300000000000004,26.4,1,0.21537080440967288
616620391,1719825568,37.15490166666667,25.153355,34.300000000000004,26.5,1,0.2161608376391515
616620391,1719825574,37.15575333333334,25.153896666666668,34.300000000000004,26.700000000000003,1,0.15488969042068568
616620391,1719825578,37.15632333333333,25.154256666666665,34.300000000000004,26.700000000000003,1,0.18915268178216765
616620391,1719825580,37.15661,25.154436666666665,34.4,26.700000000000003,1,0.1999762518975901
616620391,1719825582,37.15689666666667,25.154615,34.4,26.700000000000003,1,0.2101360477660525
616620391,1719825584,37.157181666666666,25.154796666666662,34.4,26.700000000000003,1,0.2101360477660525
616620391,1719825588,37.15775333333333,25.15516,34.5,26.8,1,0.17887517885866738
616620391,1719825590,37.15804,25.155341666666665,34.5,26.8,1,0.20865261974007226
616620391,1719825594,37.158611666666665,25.155701666666666,34.5,26.8,1,0.18356841837941257
616620391,1719825596,37.15889833333333,25.155878333333337,34.5,26.700000000000003,1,0.2102671525993664
616620391,1719825602,37.159755,25.156406666666665,34.4,26.5,1,0.14752406521630546
616620391,1719825606,37.16032,25.156771666666668,34.300000000000004,26.700000000000003,1,0.18595285404244982
616620391,1719825608,37.16053333333333,25.156955,34.300000000000004,0.0,1,0.16033979001733284
616620391,1719825614,37.161445,25.15750833333333,34.2,27.200000000000003,1,0.09618685902584101
616620391,1719825616,37.161586666666665,25.1576,34.2,27.3,1,0.20747668210706238
616620391,1719825618,37.16201,25.157871666666665,34.2,27.3,1,0.200668022143066
616620391,1719825620,37.16215166666667,25.15796,34.2,27.200000000000003,1,0.20747668210706238
616620391,1719825630,37.16383,25.15904833333333,34.0,27.4,1,0.04502877168029196
616620391,1719825632,37.16397,25.15913833333333,34.0,27.4,1,0.2148704104637666
616620391,1719825634,37.16425,25.159323333333333,34.0,27.5,1,0.2256214589657422
616620391,1719825636,37.16467166666666,25.159593333333333,34.0,27.4,1,0.21079980668904946
616620391,1719825638,37.16495166666667,25.15977833333333,34.0,27.5,1,0.2256214589657422
616620391,1719825640,37.16523166666666,25.159961666666668,34.0,27.5,1,0.22437188323257073
616620391,1719825642,37.16551166666667,25.160145,34.1,27.5,1,0.20859022487710366
616620391,1719825648,37.16621333333333,25.16060833333333,34.1,27.6,1,0.1640663591926403
616620391,1719825650,37.166493333333335,25.160791666666668,34.1,27.6,1,0.21979715235252278
616620391,1719825652,37.16677333333333,25.160976666666667,34.1,27.6,1,0.21967643732653702
616620391,1719825654,37.167053333333335,25.161158333333333,34.1,27.6,1,0.21979715235252278
616620391,1719825656,37.16733333333333,25.16134333333333,34.1,27.6,1,0.21967643732653702
616620391,1719825660,37.16789166666667,25.161711666666665,34.0,27.6,1,0.1875844672894149
616620391,1719825662,37.167786666666665,25.161898333333333,34.0,0.0,1,0.16386226129536446
616620391,1719825664,37.16844833333333,25.162085,34.0,27.700000000000003,1,0.14609877182086645
616620391,1719825668,37.169005,25.162455,34.0,27.8,1,0.19881029807705342
616620391,1719825670,37.169285,25.162635,34.0,27.700000000000003,1,0.22456548093818574
616620391,1719825672,37.169563333333336,25.16282,34.0,27.700000000000003,1,0.22331214534987048
616620391,1719825678,37.17034666666667,25.163363333333333,33.9,0.0,1,0.10591586355049065
616620391,1719825680,37.170676666666665,25.163543333333333,33.9,27.6,1,0.1693314986312785
616620391,1719825682,37.17095333333334,25.163726666666665,33.9,27.6,1,0.22343275588986478
616620391,1719825684,37.17123166666666,25.16391,33.800000000000004,27.6,1,0.2106681339123493
616620391,1719825688,37.17178833333333,25.16426833333333,33.800000000000004,27.5,1,0.20190529297474297
616620391,1719825690,37.172066666666666,25.16444333333333,33.800000000000004,27.4,1,0.22603131869308052
616620391,1719825694,37.17248,25.1648,33.7,0.0,1,0.1391240331286342
616620391,1719825696,37.17289666666667,25.16498,33.7,27.4,1,0.17060622850029178
616620391,1719825698,37.17317333333333,25.16516,33.6,27.4,1,0.21446862707500297
616620391,1719825700,37.17345,25.16534,33.6,27.4,1,0.22725691413680488
616620391,1719825702,37.17372666666667,25.165523333333333,33.6,27.5,1,0.22832388366994394
616620391,1719825704,37.17400333333333,25.165701666666667,33.6,27.4,1,0.22854024626502795
616620391,1719825708,37.17456,25.16606,33.6,27.4,1,0.20277483888435155
616620391,1719825710,37.174835,25.166236666666663,33.6,27.3,1,0.22840451474481172
616620391,1719825712,37.175106666666665,25.166416666666667,33.5,27.4,1,0.21574015680541736
616620391,1719825714,37.175378333333335,25.166601666666665,33.5,27.6,1,0.22657641733515754
616620391,1719825716,37.175646666666665,25.16679333333333,33.4,27.9,1,0.2139802719384275
616620391,1719825720,37.17617666666667,25.167186666666662,33.4,28.8,1,0.19867739667504186
616620391,1719825722,37.17644333333333,25.167383333333333,33.300000000000004,29.1,1,0.21245601216498278
616620391,1719825724,37.17670833333333,25.167583333333333,33.300000000000004,29.4,1,0.2234555854795114
616620391,1719825726,37.176746666666666,25.167683333333333,33.300000000000004,0.0,1,0.14937034879179123
616620391,1719825728,37.177173333333336,25.167981666666662,33.300000000000004,0.0,1,0.20058621041527702
616620391,1719825730,37.17763333333333,25.168288333333333,33.300000000000004,30.4,1,0.15628038904721753
616620391,1719825732,37.17789666666667,25.168495,33.4,30.6,1,0.21268189377742874
616620391,1719825736,37.17828833333333,25.168811666666667,33.4,31.200000000000003,1,0.20150778805415248
616620391,1719825738,37.17855,25.16902,33.4,31.4,1,0.2226041499339404
616620391,1719825742,37.179073333333335,25.16943833333333,33.4,31.8,1,0.19773392179063776
616620391,1719825744,37.17933,25.169651666666667,33.4,32.0,1,0.22057451846011616
616620391,1719825750,37.18009833333333,25.170301666666667,33.300000000000004,32.9,1,0.15311569678206605
616620391,1719825756,37.18086666666667,25.170956666666665,33.300000000000004,33.5,1,0.1606551752081859
616620391,1719825758,37.18112333333333,25.171166666666668,33.300000000000004,33.5,1,0.21758767516357347
616620391,1719825760,37.18101333333333,25.171376666666667,33.300000000000004,0.0,1,0.15679931136166636
616620391,1719825762,37.181635,25.171585,33.2,33.4,1,0.13215920567209782
616620391,1719825764,37.18188833333333,25.17179833333333,33.1,33.5,1,0.20979639881979256
616620391,1719825768,37.18239666666667,25.172225,33.1,33.6,1,0.19823271672027004
616620391,1719825772,37.182903333333336,25.172651666666667,33.0,33.7,1,0.18878402752572127
616620391,1719825776,37.18341,25.173071666666665,32.9,33.6,1,0.18920441052606912
616620391,1719825782,37.18416666666667,25.173698333333338,32.800000000000004,33.5,1,0.1532317553609882
616620391,1719825784,37.18442,25.173905,32.800000000000004,33.4,1,0.22126487107935927
616620391,1719825786,37.18467,25.174115,32.7,33.5,1,0.21036701430172122
616620391,1719825788,37.18492166666667,25.174325,32.7,33.5,1,0.2194627415230354
616620391,1719825790,37.18517,25.174541666666663,32.7,33.7,1,0.21951632264745308
616620391,1719825794,37.18567166666666,25.174971666666668,32.7,33.9,1,0.1976841729133395
616620391,1719825796,37.18570666666667,25.175183333333333,32.7,0.0,1,0.15365861973213202
616620391,1719825798,37.18617666666667,25.175396666666668,32.7,33.9,1,0.1445102078940383
616620391,1719825800,37.18642666666667,25.175608333333333,32.7,33.9,1,0.2189399221152083
616620391,1719825802,37.186675,25.17582,32.7,34.0,1,0.22051605305700467
616620391,1719825804,37.186925,25.17603666666667,32.7,34.1,1,0.22040751200149544
616620391,1719825808,37.18742666666667,25.17646166666667,32.7,34.1,1,0.19572872346868053
616620391,1719825810,37.18767833333333,25.17667,32.6,34.0,1,0.20979568169636043
616620391,1719825814,37.18784,25.177086666666668,32.5,0.0,1,0.1296472806098528
616620391,1719825816,37.18842333333333,25.1773,32.5,34.0,1,0.13562545703946255
616620391,1719825818,37.18867166666666,25.177511666666668,32.5,34.0,1,0.2179008088167192
616620391,1719825820,37.188795,25.177616666666665,32.5,34.1,1,0.20897501059318424
616620391,1719825824,37.18929333333333,25.178031666666666,32.4,34.0,1,0.1881263663132311
616620391,1719825828,37.18991166666667,25.178556666666665,32.300000000000004,34.0,1,0.17352176304024391
616620391,1719825836,37.19090333333333,25.179405,32.300000000000004,34.1,1,0.12971069462087703
616620391,1719825842,37.19165,25.180036666666663,32.300000000000004,34.1,1,0.1540285044780068
616620391,1719825846,37.192148333333336,25.180451666666663,32.300000000000004,34.0,1,0.19671548884579226
616620391,1719825848,37.192393333333335,25.180658333333337,32.2,34.0,1,0.20779233891546922
616620391,1719825852,37.192881666666665,25.181081666666667,32.1,34.1,1,0.18769334624739087
616620391,1719825856,37.19337333333333,25.181506666666667,32.1,34.300000000000004,1,0.19523348464803603
616620391,1719825860,37.19386333333333,25.18193,32.1,34.4,1,0.1960105902596056
616620391,1719825866,37.194595,25.182565,32.1,34.6,1,0.15641155159479153
616620391,1719825868,37.19483833333334,25.18277833333333,32.1,34.6,1,0.2148494792972525
616620391,1719825870,37.195083333333336,25.18299333333333,32.1,34.7,1,0.2165654458083885
616620391,1719825874,37.195571666666666,25.183425,32.1,34.800000000000004,1,0.19558713906997216
616620391,1719825876,37.195818333333335,25.18364,32.2,34.9,1,0.2083213071138989
616620391,1719825878,37.196063333333335,25.18386,32.2,35.0,1,0.21733185764976137
616620391,1719825880,37.19631,25.184076666666662,32.300000000000004,35.0,1,0.20666181608482725
616620391,1719825884,37.19680666666667,25.184506666666667,32.300000000000004,34.9,1,0.1952328480663309
616620391,1719825886,37.197055,25.18472166666667,32.4,34.9,1,0.20666181608482725
616620391,1719825888,37.1973,25.184936666666665,32.4,34.800000000000004,1,0.21809524588475326
616620391,1719825890,37.19754666666667,25.185151666666663,32.4,34.9,1,0.21809524588475326
616620391,1719825894,37.198038333333336,25.185586666666666,32.4,35.0,1,0.1947769400417817
616620391,1719825896,37.198285,25.185805,32.4,35.0,1,0.21614993458464743
616620391,1719825900,37.19878,25.18624,32.5,35.1,1,0.18603540429848292
616620391,1719825904,37.19929,25.186655,32.6,34.4,1,0.18674289366527763
616620391,1719825906,37.199551666666665,25.18685,32.6,33.9,1,0.2186607416649305
616620391,1719825908,37.19981166666667,25.187036666666668,32.5,33.2,1,0.2096593166519764
616620391,1719825910,37.200071666666666,25.187221666666662,32.5,32.6,1,0.22070332980440216
616620391,1719825918,37.20106666666667,25.18798,32.4,0.0,1,0.07231792443893881
616620391,1719825920,37.201235,25.188075,32.4,31.3,1,0.16111568887449462
616620391,1719825928,37.20228166666666,25.18882,32.4,30.4,1,0.13150116401572975
616620391,1719825930,37.20267,25.18910333333333,32.4,30.3,1,0.2096700007942927
616620391,1719825932,37.202931666666665,25.18929333333333,32.4,30.3,1,0.2224715013743193
616620391,1719825938,37.203626666666665,25.189861666666665,32.5,0.0,1,0.10263866239190755
616620391,1719825940,37.20399,25.19004,32.6,29.8,1,0.1555774130776469
616620391,1719825944,37.20453,25.19039,32.6,29.0,1,0.19906025391690324
616620391,1719825946,37.204798333333336,25.190563333333333,32.6,28.700000000000003,1,0.2236026723506052
616620391,1719825950,37.20534166666667,25.190908333333333,32.6,28.200000000000003,1,0.19987925063529816
616620391,1719825952,37.205615,25.19107333333333,32.6,27.8,1,0.22469386389059715
616620391,1719825960,37.20672,25.191676666666662,32.5,25.5,1,0.12253874564374001
616620391,1719825964,37.207265,25.191985,32.4,25.1,1,0.19597686051510355
616620391,1719825966,37.20753833333333,25.192136666666663,32.4,24.9,1,0.22612803455890612
616620391,1719825968,37.20781333333333,25.19229,32.4,24.8,1,0.22693145458876934
616620391,1719825970,37.20809166666667,25.19243833333333,32.4,24.5,1,0.22591264403186184
616620391,1719825972,37.20837,25.19258333333333,32.4,24.200000000000003,1,0.22591264403186184
616620391,1719825976,37.20892833333333,25.192875,32.4,23.700000000000003,1,0.2015037179332978
616620391,1719825978,37.20920666666667,25.193025,32.5,23.6,1,0.21688328295454967
616620391,1719825980,37.20948333333333,25.193176666666663,32.5,23.6,1,0.2260069197173381
616620391,1719825982,37.209765,25.193325,32.5,23.5,1,0.22739842110455427
616620391,1719825986,37.210325,25.193618333333333,32.6,23.200000000000003,1,0.1961000288236172
616620391,1719825988,37.210605,25.19376,32.6,23.0,1,0.2268061470563134
616620391,1719825994,37.211441666666666,25.194206666666663,32.6,23.1,1,0.1691547707356128
616620391,1719826000,37.212275,25.194673333333338,32.7,23.4,1,0.16329560705380303
616620391,1719826002,37.212555,25.194825,32.7,23.5,1,0.22949421812647153
616620391,1719826004,37.21258666666667,25.194976666666665,32.800000000000004,0.0,1,0.1488531671491754
616620391,1719826008,37.213013333333336,25.195266666666665,32.800000000000004,0.0,1,0.19116678821783356
616620391,1719826012,37.21396166666667,25.195553333333333,32.7,22.8,1,0.12796284416194742
616620391,1719826014,37.21424,25.195701666666668,32.7,22.8,1,0.22802415396732578
616620391,1719826016,37.21452,25.195856666666668,32.7,22.9,1,0.22940764833501348
616620391,1719826018,37.21479833333333,25.196011666666667,32.800000000000004,23.1,1,0.2177381337687338
616620391,1719826020,37.21507666666667,25.196168333333333,32.800000000000004,23.3,1,0.22859359283102942
616620391,1719826022,37.21535333333333,25.196326666666668,32.800000000000004,23.5,1,0.22842554249153768
616620391,1719826026,37.21591333333333,25.196638333333333,32.800000000000004,23.700000000000003,1,0.20580156622668339
616620391,1719826028,37.216053333333335,25.196715,32.9,23.700000000000003,1,0.20714029447837606
616620391,1719826030,37.216476666666665,25.19694,32.9,23.5,1,0.21551456437315497
616620391,1719826034,37.21718,25.197305,32.9,23.1,1,0.1925419289557701
616620391,1719826038,37.21760166666667,25.19752666666667,32.9,23.0,1,0.20907515475421157
616620391,1719826042,37.21813333333333,25.197895,32.9,0.0,1,0.15322005217206403
616620391,1719826044,37.21845,25.197965,32.9,22.8,1,0.18756599179301925
616620391,1719826046,37.21873333333333,25.198115,32.9,22.700000000000003,1,0.22980127583522203
616620391,1719826048,37.21901666666667,25.19826,32.9,22.700000000000003,1,0.2289825915875307
616620391,1719826050,37.2193,25.198411666666665,33.0,22.700000000000003,1,0.21670296783513882
616620391,1719826052,37.21958166666667,25.198563333333333,33.0,22.8,1,0.23011040933052546
616620391,1719826054,37.219865,25.198715,33.0,22.9,1,0.23011040933052546
616620391,1719826060,37.22071666666667,25.199165,33.1,22.9,1,0.1610875953589037
616620391,1719826064,37.22128166666667,25.199461666666668,33.1,22.8,1,0.20766229348342818
616620391,1719826068,37.22184666666666,25.19976833333333,33.1,23.0,1,0.2070919215164358
616620391,1719826070,37.22212833333333,25.19992333333333,33.1,23.1,1,0.23029165969348103
616620391,1719826074,37.22269833333333,25.200226666666666,33.2,23.1,1,0.1966040304845998
616620391,1719826076,37.22298333333333,25.200375,33.2,23.0,1,0.23011840259638372
616620391,1719826080,37.223553333333335,25.200681666666668,33.2,23.1,1,0.20737785131855557
616620391,1719826082,37.22383833333333,25.200835,33.300000000000004,23.1,1,0.21528987815072698
616620391,1719826084,37.22412333333333,25.200991666666667,33.300000000000004,23.200000000000003,1,0.22846357302014708
616620391,1719826086,37.224408333333336,25.20114833333333,33.4,23.3,1,0.21766737853152995
616620391,1719826094,37.22555333333333,25.20175,33.4,23.0,1,0.1386196477657507
616620391,1719826096,37.225835,25.201903333333338,33.4,23.1,1,0.23026085252915074
616620391,1719826098,37.22611833333333,25.202058333333333,33.4,23.200000000000003,1,0.23026085252915074
616620391,1719826100,37.22640166666667,25.202216666666665,33.4,23.3,1,0.23029220397755235
616620391,1719826104,37.22697166666666,25.202525,33.4,23.3,1,0.205203301773694
616620391,1719826110,37.227828333333335,25.202973333333333,33.4,23.0,1,0.17108165679401455
616620391,1719826112,37.22811333333333,25.203125,33.4,23.1,1,0.23029220397755235
616620391,1719826114,37.22839666666667,25.203285,33.4,23.200000000000003,1,0.23027873141615585
616620391,1719826118,37.22896,25.203605,33.4,23.6,1,0.2044341198714616
616620391,1719826120,37.229101666666665,25.203683333333338,33.4,23.6,1,0.21973669947413788
616620391,1719826122,37.22922666666667,25.203913333333333,33.5,0.0,1,0.15713164159293325
616620391,1719826124,37.22967333333333,25.20398833333333,33.5,23.4,1,0.1764293879839719
616620391,1719826128,37.23038833333333,25.20435833333333,33.4,23.1,1,0.18644585444174316
616620391,1719826130,37.230671666666666,25.204511666666665,33.4,23.1,1,0.22919786893048144
616620391,1719826132,37.23095666666666,25.204661666666667,33.4,23.0,1,0.23026085252915074
616620391,1719826134,37.23124333333333,25.204813333333338,33.4,23.0,1,0.22921580269572106
616620391,1719826136,37.23153,25.204965,33.5,23.0,1,0.2165507622603723
616620391,1719826146,37.23296333333333,25.20572333333333,33.5,22.9,1,0.09148104627029019
616620391,1719826148,37.23325166666667,25.205876666666665,33.5,23.0,1,0.23045766103131543
616620391,1719826150,37.23354,25.206026666666663,33.5,22.9,1,0.2304263737953361
616620391,1719826152,37.233826666666666,25.20618,33.6,22.9,1,0.2163377050989338
616620391,1719826158,37.23469,25.206646666666668,33.6,23.1,1,0.17147356042181655
616620391,1719826160,37.23497666666667,25.206805,33.7,23.200000000000003,1,0.21644841557920164
616620391,1719826162,37.235265,25.20696166666667,33.7,23.3,1,0.22955845609861458
616620391,1719826164,37.235553333333336,25.207118333333337,33.7,23.3,1,0.22776899596830463
616620391,1719826166,37.235841666666666,25.20726833333333,33.7,23.200000000000003,1,0.22955845609861458
616620391,1719826168,37.236131666666665,25.20742333333333,33.7,23.200000000000003,1,0.22776899596830463
616620391,1719826172,37.23648,25.207733333333337,33.7,0.0,1,0.15402719622036792
616620391,1719826174,37.23699166666667,25.207891666666665,33.7,23.3,1,0.16886802548939056
616620391,1719826180,37.237856666666666,25.20835333333333,33.7,23.200000000000003,1,0.17018778868976803
616620391,1719826182,37.23814333333333,25.20850666666667,33.7,23.200000000000003,1,0.2283530670500301
616620391,1719826184,37.23843,25.20865833333333,33.7,23.1,1,0.22977405166865966
616620391,1719826186,37.238715,25.208816666666667,33.7,23.200000000000003,1,0.22977405166865966
616620391,1719826190,37.23904,25.20912833333333,33.6,0.0,1,0.14560841160014731
616620391,1719826192,37.23957166666667,25.20928333333333,33.6,23.4,1,0.16761006836198927
616620391,1719826194,37.23985833333333,25.209436666666665,33.6,23.3,1,0.230499281468095
616620391,1719826196,37.240141666666666,25.209588333333333,33.5,23.3,1,0.21653217460833318
616620391,1719826198,37.24042666666666,25.209738333333338,33.5,23.200000000000003,1,0.23065483938932235
616620391,1719826202,37.24099,25.210045,33.4,23.3,1,0.1979725140572065
616620391,1719826204,37.24127333333333,25.21019666666667,33.300000000000004,23.200000000000003,1,0.2165031219269341
616620391,1719826206,37.241173333333336,25.210351666666668,33.300000000000004,0.0,1,0.17356200266358085
616620391,1719826208,37.24183666666666,25.21050333333333,33.2,23.3,1,0.15278562813444985
616620391,1719826210,37.24212,25.210653333333333,33.2,23.200000000000003,1,0.23011840259638372
616620391,1719826212,37.2424,25.21081,33.2,23.3,1,0.23011840259638372
616620391,1719826214,37.24268166666667,25.21096333333333,33.2,23.4,1,0.23011840259638372
616620391,1719826216,37.24282166666666,25.211041666666667,33.2,23.4,1,0.21878272354637418
616620391,1719826218,37.24324333333333,25.211275,33.1,23.5,1,0.2061714142182871
616620391,1719826220,37.243525,25.21143,33.1,23.5,1,0.22928399455980109
616620391,1719826222,37.24330666666667,25.211505,33.1,0.0,1,0.17640213335722632
616620391,1719826226,37.24422833333333,25.211815,33.1,23.6,1,0.1372817379662265
616620391,1719826228,37.24464833333333,25.21204833333333,33.1,23.6,1,0.21504893788413415
616620391,1719826230,37.24492833333333,25.21220333333333,33.1,23.700000000000003,1,0.23023491951067476
616620391,1719826232,37.245068333333336,25.212281666666662,33.1,23.700000000000003,1,0.21890305279517325
616620391,1719826234,37.245486666666665,25.212516666666662,33.1,23.8,1,0.21738255438258075
616620391,1719826236,37.24576833333333,25.21267,33.0,23.8,1,0.2166765340519563
616620391,1719826240,37.24632833333333,25.212973333333338,33.0,23.6,1,0.2066492683867927
616620391,1719826242,37.24661,25.213118333333338,32.9,23.5,1,0.21783693700552692
616620391,1719826244,37.24688833333333,25.213271666666667,32.9,23.5,1,0.22892194066410215
616620391,1719826248,37.24758833333333,25.213655,32.9,23.5,1,0.19386464657267483
616620391,1719826250,37.247728333333335,25.21373,32.9,23.5,1,0.21924152513775164
616620391,1719826254,37.248,25.214036666666665,32.9,0.0,1,0.1580032301333159
616620391,1719826256,37.24842666666667,25.214188333333333,32.9,0.0,1,0.20363476804606
616620391,1719826258,37.248848333333335,25.214338333333338,32.9,23.4,1,0.1772456666818656
616620391,1719826262,37.249408333333335,25.214641666666665,32.9,23.4,1,0.20525372753714188
616620391,1719826264,37.24968833333333,25.214795,32.9,23.4,1,0.22908975139237447
616620391,1719826266,37.249968333333335,25.214946666666663,32.9,23.4,1,0.22908975139237447
616620391,1719826268,37.25024833333333,25.215098333333337,32.9,23.4,1,0.22908975139237447
616620391,1719826270,37.250528333333335,25.21525,32.9,23.4,1,0.22908975139237447
616620391,1719826272,37.25056,25.2154,32.9,0.0,1,0.1696885542092434
616620391,1719826274,37.251086666666666,25.215555,32.9,23.5,1,0.16893857227451609
616620391,1719826276,37.25136833333333,25.21570833333333,32.9,23.5,1,0.22914499739908367
616620391,1719826278,37.251646666666666,25.21586333333333,32.9,23.6,1,0.22974076776397545
616620391,1719826282,37.252206666666666,25.216173333333337,32.9,23.6,1,0.20531276321600717
616620391,1719826284,37.25248666666667,25.216325,32.9,23.6,1,0.22914499739908367
616620391,1719826286,37.252766666666666,25.21648,32.9,23.6,1,0.22914499739908367
616620391,1719826288,37.25304666666667,25.216626666666667,32.9,23.5,1,0.22961179514627783
616620391,1719826290,37.25312,25.216781666666662,32.9,0.0,1,0.1711342843794728
616620391,1719826292,37.25360333333333,25.216936666666665,32.800000000000004,23.6,1,0.15953486227656455
616620391,1719826294,37.25388,25.21709333333333,32.800000000000004,23.700000000000003,1,0.2289823309900979
616620391,1719826296,37.25416,25.217248333333337,32.800000000000004,23.8,1,0.22933447268029372
616620391,1719826298,37.25444,25.217401666666667,32.800000000000004,23.8,1,0.22830387354235854
616620391,1719826300,37.25472,25.217555,32.800000000000004,23.700000000000003,1,0.22933447268029372
616620391,1719826302,37.25499666666666,25.21770833333333,32.800000000000004,23.700000000000003,1,0.22795068669855295
616620391,1719826306,37.25555333333333,25.218018333333333,32.800000000000004,23.8,1,0.20719081647292537
616620391,1719826310,37.25611166666667,25.21833,32.800000000000004,23.9,1,0.2066424920249973
616620391,1719826314,37.25666833333333,25.21863833333333,32.800000000000004,23.9,1,0.20525656205115073
616620391,1719826316,37.25694833333333,25.218791666666668,32.800000000000004,23.8,1,0.22933447268029372
616620391,1719826320,37.25696,25.21902,32.800000000000004,0.0,1,0.15062741591601386
616620391,1719826324,37.25805833333333,25.219405,32.7,23.8,1,0.11635042925081829
616620391,1719826326,37.25833333333333,25.21956,32.7,23.9,1,0.22903005441739221
616620391,1719826328,37.25861,25.219716666666667,32.7,23.9,1,0.22799855176858275
616620391,1719826330,37.25875,25.21979333333333,32.7,24.0,1,0.21975460732652796
616620391,1719826332,37.25902666666666,25.21995,32.7,24.0,1,0.22799855176858275
616620391,1719826334,37.259303333333335,25.220101666666668,32.7,23.9,1,0.22903005441739221
616620391,1719826336,37.25958,25.220255,32.7,23.9,1,0.22799855176858275
616620391,1719826338,37.25994666666666,25.220486666666663,32.7,0.0,1,0.17176650807489185
616620391,1719826340,37.26027166666667,25.22064333333333,32.7,24.0,1,0.18035717312191363
616620391,1719826342,37.26055,25.22079833333333,32.7,24.0,1,0.22812812406315347
616620391,1719826344,37.26082666666667,25.220953333333338,32.7,24.0,1,0.22799855176858275
616620391,1719826348,37.261381666666665,25.22126,32.7,23.9,1,0.20684446024155712
616620391,1719826350,37.26165666666667,25.221415,32.6,24.0,1,0.21676714055855634
616620391,1719826352,37.26193333333333,25.221566666666668,32.6,23.9,1,0.22755083254751324
616620391,1719826354,37.26208,25.22172,32.6,0.0,1,0.17165382581900207
616620391,1719826356,37.262483333333336,25.22187333333333,32.6,23.9,1,0.17442052379158707
616620391,1719826358,37.26276,25.22203,32.6,24.0,1,0.22755083254751324
616620391,1719826360,37.263036666666665,25.222183333333337,32.6,24.0,1,0.2265149395804883
616620391,1719826362,37.263313333333336,25.222338333333333,32.6,24.0,1,0.2265149395804883
616620391,1719826368,37.26414,25.222798333333333,32.5,24.0,1,0.15771606842075764
616620391,1719826370,37.264415,25.22295833333333,32.5,24.1,1,0.22693145458876934
616620391,1719826382,37.266075,25.22389833333333,32.6,24.1,1,0.06284475742613382
616620391,1719826390,37.267183333333335,25.22452,32.7,24.1,1,0.13326959342341338
616620391,1719826392,37.26746,25.224676666666667,32.7,24.1,1,0.22799855176858275
616620391,1719826394,37.26773833333333,25.224831666666667,32.7,24.1,1,0.22812812406315347
616620391,1719826396,37.26801666666667,25.224983333333338,32.7,24.0,1,0.22903005441739221
616620391,1719826398,37.268295,25.225138333333337,32.7,24.0,1,0.22812812406315347
616620391,1719826400,37.268571666666666,25.225296666666665,32.7,24.1,1,0.22915924328049092
616620391,1719826402,37.26884833333333,25.225453333333338,32.7,24.1,1,0.22799855176858275
616620391,1719826404,37.269125,25.225615,32.7,24.3,1,0.2285843590385092
616620391,1719826406,37.26940166666667,25.22577666666667,32.7,24.4,1,0.22938214775922539
616620391,1719826408,37.26967833333333,25.225936666666662,32.800000000000004,24.4,1,0.21628016484101276
616620391,1719826410,37.269955,25.226096666666667,32.800000000000004,24.5,1,0.2291115375930095
616620391,1719826412,37.27023166666667,25.226256666666668,32.800000000000004,24.5,1,0.22808027678558812
616620391,1719826414,37.27051166666666,25.226411666666667,32.800000000000004,24.5,1,0.22830387354235854
616620391,1719826416,37.270788333333336,25.226566666666667,32.800000000000004,24.3,1,0.22818362355305438
616620391,1719826418,37.27106666666667,25.22671833333333,32.800000000000004,24.200000000000003,1,0.2289823309900979
616620391,1719826422,37.27146666666667,25.227031666666665,32.7,0.0,1,0.14511174540910926
616620391,1719826424,37.27175666666667,25.22711,32.7,24.3,1,0.18330900164017777
616620391,1719826426,37.27203,25.227271666666667,32.7,24.4,1,0.22903005441739221
616620391,1719826428,37.272306666666665,25.227433333333337,32.7,24.5,1,0.22938214775922539
616620391,1719826430,37.27272166666667,25.22767,32.7,24.5,1,0.21432325888291143
616620391,1719826434,37.273136666666666,25.227905,32.7,24.5,1,0.20652438368836706
616620391,1719826436,37.27341333333333,25.228058333333333,32.7,24.4,1,0.22903005441739221
616620391,1719826438,37.2736,25.228291666666667,32.7,0.0,1,0.1776130654877779
616620391,1719826442,37.27438166666666,25.228601666666663,32.7,24.200000000000003,1,0.1407691442773487
616620391,1719826444,37.274656666666665,25.22876,32.7,24.3,1,0.22903005441739221
616620391,1719826448,37.27520833333333,25.229075,32.7,24.3,1,0.20484227710644687
616620391,1719826450,37.275486666666666,25.22922833333333,32.7,24.3,1,0.22812812406315347
616620391,1719826452,37.27576166666667,25.229386666666667,32.7,24.3,1,0.22799855176858275
616620391,1719826454,37.275733333333335,25.229538333333338,32.7,0.0,1,0.1661229087881682
616620391,1719826456,37.276316666666666,25.229695,32.7,24.200000000000003,1,0.16520563145051226
616620391,1719826458,37.27659333333333,25.229848333333333,32.7,24.1,1,0.22903005441739221
616620391,1719826464,37.27742166666667,25.23031,32.6,24.1,1,0.15834115980226432
616620391,1719826468,37.277971666666666,25.230625,32.6,24.200000000000003,1,0.204334468989178
616620391,1719826470,37.27824666666667,25.23078333333333,32.6,24.3,1,0.22755083254751324
616620391,1719826472,37.27829333333333,25.23094333333333,32.6,0.0,1,0.16521041258021402
616620391,1719826474,37.27879833333333,25.2311,32.6,24.4,1,0.16602389116319766
616620391,1719826476,37.279073333333336,25.23125333333333,32.6,24.3,1,0.22755083254751324
616620391,1719826478,37.27935,25.231405,32.6,24.200000000000003,1,0.22755083254751324
616620391,1719826496,37.281821666666666,25.232803333333333,32.5,24.200000000000003,-1,-0.006517141525651748
616620391,1719826514,37.28429666666667,25.23421,32.5,24.3,-1,-0.005790481262099689
616620391,1719826518,37.284843333333335,25.23452333333333,32.5,24.3,1,0.20192942636499378
616620391,1719826520,37.28511833333334,25.23467833333333,32.5,24.4,1,0.22693145458876934
616620391,1719826530,37.28649833333333,25.235468333333333,32.5,24.5,1,0.0966820915561965
616620391,1719826532,37.286775,25.23562833333333,32.6,24.5,1,0.2155474308301285
616620391,1719826534,37.28691166666667,25.23570833333333,32.6,24.6,1,0.21823590696925232
616620391,1719826536,37.28725333333333,25.235946666666667,32.6,0.0,1,0.17198188786690094
616620391,1719826546,37.288705,25.236733333333333,32.6,24.5,1,0.05207647231219015
616620391,1719826548,37.28898,25.236891666666665,32.6,24.6,1,0.22755083254751324
616620391,1719826576,37.29284333333333,25.23909,32.6,24.3,-1,-0.048018360920234926
616620391,1719826578,37.29311666666667,25.23925,32.6,24.4,1,0.22755083254751324
616620391,1719826580,37.293391666666665,25.239408333333333,32.6,24.5,1,0.22755083254751324
616620391,1719826596,37.295586666666665,25.240681666666667,32.6,24.700000000000003,1,0.017359018674311222
616620391,1719826598,37.29586333333334,25.240843333333338,32.6,24.8,1,0.2279044244815353
616620391,1719826600,37.29613833333333,25.241006666666667,32.6,24.9,1,0.22768057126884023
616620391,1719826624,37.29945833333333,25.24291833333333,32.800000000000004,24.700000000000003,-1,-0.04839424990800478
616620391,1719826626,37.29973666666667,25.243075,32.800000000000004,24.6,1,0.22933447268029372
616620391,1719826632,37.300428333333336,25.243476666666663,32.800000000000004,24.700000000000003,1,0.17875397141891497
616620391,1719826634,37.30084166666666,25.243718333333337,32.800000000000004,24.700000000000003,1,0.2142735159641952
616620391,1719826646,37.302643333333336,25.244758333333333,32.800000000000004,24.8,1,0.056761622380746335
616620391,1719826648,37.30278166666667,25.24484,32.9,24.8,1,0.20638461082900883
616620391,1719826650,37.30305833333333,25.245,32.9,24.8,1,0.2285723397684289
616620391,1719826654,37.303466666666665,25.245325,32.9,0.0,1,0.15275106715257425
616620391,1719826656,37.303891666666665,25.245485,32.9,24.9,1,0.17469430060475138
616620391,1719826658,37.30416833333334,25.24564833333333,32.9,24.9,1,0.22879562081160026
616620391,1719826660,37.30444666666666,25.245808333333333,32.9,24.9,1,0.22879562081160026
616620391,1719826662,37.304725,25.245966666666668,32.9,24.8,1,0.22961474543483412
616620391,1719826668,37.305555,25.246448333333333,32.9,24.8,1,0.16811508219246812
616620391,1719826670,37.30583333333333,25.246611666666663,32.9,24.9,1,0.22961474543483412
616620391,1719826672,37.30602666666667,25.246773333333337,32.9,0.0,1,0.17485539482451778
616620391,1719826676,37.306666666666665,25.247095,32.9,24.8,1,0.1509131376437048
616620391,1719826680,37.30722166666666,25.247413333333338,32.9,24.8,1,0.20471100718454466
616620391,1719826682,37.3075,25.247571666666666,32.9,24.700000000000003,1,0.22961474543483412
616620391,1719826684,37.30777833333333,25.24773,32.9,24.6,1,0.22961474543483412
616620391,1719826686,37.308055,25.24789,32.9,24.6,1,0.2285723397684289
616620391,1719826694,37.30916333333333,25.248541666666668,33.0,24.9,1,0.13618957675950288
616620391,1719826702,37.31027666666667,25.249181666666665,33.0,24.700000000000003,1,0.14068441246848035
616620391,1719826704,37.310555,25.24934333333333,33.0,24.700000000000003,1,0.22878423566248995
616620391,1719826706,37.310833333333335,25.249505,33.0,24.8,1,0.22984848500001454
616620391,1719826708,37.31111,25.24967,33.0,24.9,1,0.22984848500001454
616620391,1719826718,37.31250166666667,25.250491666666665,33.1,25.1,1,0.09623902307446397
616620391,1719826720,37.312781666666666,25.250655,33.1,25.1,1,0.22871156603541504
616620391,1719826722,37.31285333333334,25.25081833333333,33.1,0.0,1,0.17037176450035996
616620391,1719826728,37.31376333333333,25.251221666666662,33.2,24.9,1,0.11810988622645552
616620391,1719826732,37.314463333333336,25.251628333333333,33.2,24.9,1,0.1936647837242212
616620391,1719826734,37.31460333333333,25.25171,33.2,24.9,1,0.21882943993656806
616620391,1719826736,37.315023333333336,25.25195833333333,33.2,25.0,1,0.21635500491412568
616620391,1719826738,37.31530333333333,25.252123333333333,33.300000000000004,25.0,1,0.21495132909727105
616620391,1719826742,37.31584,25.252536666666668,33.300000000000004,0.0,1,0.14941573303921446
616620391,1719826744,37.316145,25.25261833333333,33.300000000000004,25.1,1,0.1809134543447577
616620391,1719826748,37.31671,25.252945,33.4,25.0,1,0.1972233435527791
616620391,1719826750,37.31699,25.253108333333333,33.4,24.9,1,0.22996771324019233
616620391,1719826752,37.31727166666667,25.253273333333333,33.4,25.0,1,0.22998560726098383
616620391,1719826754,37.31755166666667,25.25344,33.4,25.0,1,0.22893530416616903
616620391,1719826756,37.31783333333333,25.253606666666663,33.4,25.1,1,0.22976309021779417
616620391,1719826760,37.318395,25.253941666666663,33.4,25.200000000000003,1,0.20595537763522254
616620391,1719826764,37.31896,25.25426833333333,33.5,25.0,1,0.1981119355076988
616620391,1719826770,37.31981,25.25475,33.5,24.8,1,0.17165887493365217
616620391,1719826772,37.32009166666667,25.25491166666667,33.5,24.700000000000003,1,0.23039337588352055
616620391,1719826774,37.32010666666667,25.25508,33.5,0.0,1,0.16901820100434245
616620391,1719826776,37.320656666666665,25.255241666666667,33.5,24.8,1,0.1665018449576201
616620391,1719826788,37.322355,25.25621333333333,33.5,24.6,1,0.06080014728575878
616620391,1719826800,37.32405,25.257196666666665,33.5,24.8,1,0.060568553917933365
616620391,1719826810,37.325465,25.258,33.5,24.5,1,0.09155867603697476
616620391,1719826816,37.32631166666667,25.258495,33.5,24.700000000000003,1,0.17152187230296284
616620391,1719826818,37.32659666666667,25.258655,33.5,24.700000000000003,1,0.2287697068103962
616620391,1719826820,37.32688,25.25882,33.5,24.700000000000003,1,0.2287697068103962
616620391,1719826822,37.32716333333333,25.25898,33.5,24.6,1,0.23037990725837254
616620391,1719826824,37.32736,25.25914,33.5,0.0,1,0.17567804308121204
616620391,1719826830,37.328298333333336,25.259625,33.5,24.5,1,0.11711394224689359
616620391,1719826832,37.32844,25.259706666666663,33.5,24.5,1,0.21967895729686127
616620391,1719826836,37.329285,25.26021,33.6,24.9,1,0.17370623914426375
616620391,1719826838,37.32942666666667,25.260296666666665,33.6,24.9,1,0.21889296001024855
616620391,1719826840,37.32971,25.260461666666668,33.6,25.0,1,0.22999101717497367
616620391,1719826846,37.330558333333336,25.26095,33.6,24.8,1,0.1710674888121994
616620391,1719826848,37.33084166666666,25.26111,33.6,24.700000000000003,1,0.2302063440000114
616620391,1719826850,37.33112666666667,25.261265,33.5,24.5,1,0.21715756465006059
616620391,1719826852,37.331408333333336,25.26142833333333,33.5,24.5,1,0.22899931528412998
616620391,1719826854,37.33169,25.26158833333333,33.5,24.5,1,0.22896784678040916
616620391,1719826856,37.33197333333333,25.261751666666665,33.5,24.5,1,0.22898579242091155
616620391,1719826858,37.33239666666667,25.261995,33.5,24.5,1,0.21450171686133118
616620391,1719826866,37.33338666666667,25.262561666666667,33.5,24.5,1,0.14505154496342376
616620391,1719826872,37.33423833333333,25.263041666666663,33.5,24.4,1,0.1717943186378395
616620391,1719826878,37.33509,25.263525,33.5,24.4,1,0.16902379621377422
616620391,1719826880,37.335375,25.26368666666667,33.5,24.4,1,0.2287697068103962
616620391,1719826884,37.33594833333333,25.263991666666666,33.5,24.0,1,0.20385985688695157
616620391,1719826886,37.336235,25.26413833333333,33.5,23.700000000000003,1,0.2293518263337791
616620391,1719826888,37.33652666666666,25.264275,33.5,23.200000000000003,1,0.2281387074642468
616620391,1719826890,37.33681666666666,25.264411666666668,33.5,22.700000000000003,1,0.22812076764959405
616620391,1719826896,37.3376,25.26479833333333,33.4,0.0,1,0.11653988347494493
616620391,1719826904,37.338856666666665,25.26532,33.4,20.4,1,0.08494645411114904
616620391,1719826912,37.339733333333335,25.265851666666663,33.4,0.0,1,0.09806710644597305
616620391,1719826914,37.340316666666666,25.265985,33.4,20.1,1,0.16932391672198277
616620391,1719826920,37.34119333333334,25.266386666666666,33.5,20.1,1,0.16030667519909902
616620391,1719826924,37.34178,25.266653333333338,33.5,20.0,1,0.20669155349793095
616620391,1719826930,37.342513333333336,25.26699,33.6,20.0,1,0.16590711681414633
616620391,1719826936,37.34354166666667,25.267458333333337,33.6,20.0,1,0.15519205896218968
616620391,1719826938,37.34368833333333,25.267526666666665,33.6,20.0,1,0.2190218121590795
616620391,1719826940,37.34413,25.267726666666668,33.6,20.0,1,0.2132077946583944
616620391,1719826942,37.34442333333333,25.26786333333333,33.6,20.0,1,0.22790590059411547
616620391,1719826944,37.34442666666666,25.268,33.6,0.0,1,0.1677663784923355
616620391,1719826948,37.34545,25.268341666666668,33.7,20.200000000000003,1,0.1236139569163277
616620391,1719826952,37.345893333333336,25.268543333333337,33.7,20.1,1,0.20902474142755118
616620391,1719826958,37.34677833333333,25.268935,33.7,19.9,1,0.16891196021435817
616620391,1719826964,37.34766,25.269331666666663,33.7,19.8,1,0.16914109096101482
616620391,1719826968,37.34824666666667,25.2696,33.6,19.8,1,0.19443555634754084
616620391,1719826970,37.34854,25.26973333333333,33.6,19.9,1,0.22954444828140103
616620391,1719826976,37.349421666666665,25.270126666666663,33.6,19.700000000000003,1,0.17059603031268195
616620391,1719826986,37.35088666666667,25.270776666666663,33.5,19.6,1,0.08683209810105097
616620391,1719827004,37.353503333333336,25.27199833333333,33.4,20.3,-1,-0.008405348118075806
616620391,1719827006,37.353795,25.272131666666667,33.4,20.3,1,0.22814062901636184
616620391,1719827008,37.354085,25.272266666666667,33.4,20.3,1,0.22813157637309783
616620391,1719827010,37.35437666666667,25.272396666666666,33.4,20.200000000000003,1,0.22919782288127033
616620391,1719827024,37.356415,25.27333,33.4,20.1,1,0.029751632588276844
616620391,1719827046,37.35961666666667,25.274798333333333,33.4,20.1,-1,-0.02823019438058738
616620391,1719827060,37.36165666666667,25.275715,33.300000000000004,19.8,1,0.03209493551577036
616620391,1719827072,37.36340333333333,25.276506666666663,33.300000000000004,19.8,1,0.05813387919795521
616620391,1719827074,37.36369666666667,25.276635,33.300000000000004,19.700000000000003,1,0.2278837502831278
616620391,1719827078,37.36428166666666,25.27687833333333,33.300000000000004,19.3,1,0.20371547021660436
616620391,1719827080,37.364575,25.276995,33.300000000000004,19.0,1,0.22515493371207423
616620391,1719827084,37.36515666666666,25.277228333333333,33.2,18.6,1,0.19408207064076044
616620391,1719827088,37.36573666666666,25.27747,33.1,18.5,1,0.19664031955136352
616620391,1719827090,37.366025,25.27759333333333,33.0,18.6,1,0.21583394264496758
616620391,1719827094,37.36660333333333,25.27783833333333,33.0,18.6,1,0.2026460549909937
616620391,1719827096,37.36689333333333,25.27796,33.0,18.5,1,0.22784241434550728
616620391,1719827098,37.36704,25.278078333333333,33.0,0.0,1,0.17937553690229857
616620391,1719827104,37.368055,25.278425,32.9,18.1,1,0.11276799499950824
616620391,1719827106,37.368345,25.278541666666666,32.9,18.0,1,0.22729189324157673
616620391,1719827108,37.368635,25.278658333333333,32.9,17.900000000000002,1,0.22729189324157673
616620391,1719827112,37.369213333333335,25.278898333333338,32.800000000000004,18.0,1,0.19394638796519115
616620391,1719827120,37.37037166666666,25.27938333333333,32.9,18.2,1,0.13438957465388085
616620391,1719827138,37.372975,25.28044333333333,32.800000000000004,18.1,-1,-0.010330555469171498
616620391,1719827148,37.37442,25.281025,32.7,17.900000000000002,1,0.09094761486153058
616620391,1719827200,37.381951666666666,25.28393833333333,32.6,15.3,-1,-0.11216234782892898
616620391,1719827246,37.38884333333333,25.285285,32.800000000000004,7.300000000000001,-1,-0.11713164869727721
616620391,1719827248,37.3893,25.285346666666666,32.800000000000004,7.0,1,0.2058393433632179
616620391,1719827270,37.3925,25.28582,33.1,6.800000000000001,-1,-0.046556520021546866
616620391,1719827274,37.39311333333333,25.285903333333337,33.1,6.6000000000000005,1,0.19736824598693975
616620391,1719827294,37.39618333333333,25.286176666666663,33.1,4.3,-1,-0.0320206242203781
616620391,1719827296,37.39649166666667,25.286206666666665,33.1,4.4,1,0.21989827318078886
616620391,1719827302,37.397333333333336,25.286301666666667,33.2,0.0,1,0.14065104020517233
616620391,1719827306,37.39803166666667,25.286363333333338,33.2,4.5,1,0.1732916879523662
616620391,1719827318,37.39988833333334,25.286531666666665,33.4,4.2,1,0.039268139167514704
616620391,1719827322,37.40051,25.286581666666667,33.4,4.0,1,0.19740428690570566
616620391,1719827324,37.40082,25.286608333333337,33.4,4.0,1,0.2190480391911092
616620391,1719827328,37.40144333333333,25.286663333333333,33.5,4.0,1,0.18577884391422073
616620391,1719827330,37.401755,25.286691666666663,33.5,4.0,1,0.21923297862265695
616620391,1719827334,37.40222166666667,25.286736666666663,33.5,4.1000000000000005,1,0.20179489429325065
616620391,1719827336,37.40268833333333,25.286781666666663,33.6,4.1000000000000005,1,0.1937304238596223
616620391,1719827340,37.40315666666667,25.28682166666667,33.6,4.1000000000000005,1,0.1979683560647782
616620391,1719827342,37.40378,25.286876666666668,33.6,4.0,1,0.20036433835612577
616620391,1719827344,37.40393666666667,25.28689,33.6,4.0,1,0.21089520783378568
616620391,1719827350,37.404873333333335,25.28697,33.7,4.0,1,0.15031948413308344
616620391,1719827386,37.41050166666667,25.287485,33.800000000000004,4.5,-1,-0.07475593290463223
616620391,1719827390,37.410986666666666,25.28754,33.7,0.0,1,0.17289116818551048
616620391,1719827392,37.411413333333336,25.28756333333333,33.7,0.0,1,0.20548012975022267
616620391,1719827394,37.411746666666666,25.287583333333338,33.7,4.0,1,0.20269646173505923
616620391,1719827396,37.412056666666665,25.287603333333333,33.6,3.8,1,0.20716106554980535
616620391,1719827398,37.41236666666666,25.28762333333333,33.6,3.7,1,0.2199467622370564
616620391,1719827400,37.41267666666667,25.28764333333333,33.6,3.5,1,0.21980363811156878
616620391,1719827410,37.41422833333333,25.287751666666665,33.5,3.3000000000000003,1,0.081476506786483
616620391,1719827418,37.41547166666667,25.287841666666665,33.5,3.2,1,0.1300791627528018
616620391,1719827430,37.41733833333333,25.287981666666667,33.6,3.3000000000000003,1,0.04871376027734331
616620391,1719827436,37.41811833333333,25.28804333333333,33.6,3.4000000000000004,1,0.16493751603875734
616620391,1719827438,37.41842833333333,25.28807,33.6,3.5,1,0.22006630824820111
616620391,1719827444,37.41952,25.288165,33.6,3.7,1,0.1494805298797432
616620391,1719827446,37.41983166666667,25.28819333333333,33.6,3.8,1,0.22018864533152732
616620391,1719827448,37.420143333333336,25.28822,33.6,3.8,1,0.21816536123843888
616620391,1719827450,37.420455,25.288245,33.6,3.8,1,0.21816536123843888
616620391,1719827462,37.42232166666667,25.28837333333333,33.6,3.3000000000000003,1,0.046729895316281134
616620391,1719827466,37.422945,25.28841333333333,33.6,3.1,1,0.1971966923709223
616620391,1719827468,37.42325666666667,25.288435,33.6,3.1,1,0.21758335078715385
616620391,1719827470,37.423566666666666,25.28845833333333,33.6,3.2,1,0.21936764456975083
616620391,1719827474,37.423786666666665,25.288508333333333,33.6,0.0,1,0.183626568154579
616620391,1719827478,37.42481166666666,25.288561666666663,33.6,3.5,1,0.15926519665335465
616620391,1719827492,37.42698833333333,25.288751666666663,33.6,3.8,1,0.019085072909003742
616620391,1719827494,37.4273,25.288775,33.6,3.8,1,0.21816536123843888
616620391,1719827496,37.42761166666666,25.2888,33.6,3.7,1,0.22018864533152732
616620391,1719827498,37.42792166666667,25.288825,33.6,3.7,1,0.21804232961529357
616620391,1719827500,37.42823333333333,25.288848333333338,33.6,3.7,1,0.21816536123843888
616620391,1719827502,37.428545,25.28887333333333,33.6,3.6,1,0.22018864533152732
616620391,1719827504,37.42885666666667,25.28889833333333,33.6,3.6,1,0.21816536123843888
616620391,1719827506,37.42916833333334,25.288921666666667,33.6,3.6,1,0.21816536123843888
616620391,1719827512,37.430101666666665,25.289001666666667,33.6,3.7,1,0.16071161314599502
616620391,1719827514,37.43041333333333,25.28903,33.6,3.8,1,0.22018864533152732
616620391,1719827520,37.431345,25.28910833333333,33.6,3.8,1,0.1566227656228854
616620391,1719827528,37.43259333333334,25.289195,33.6,3.4000000000000004,1,0.1266704583382095
616620391,1719827534,37.433375,25.289246666666667,33.6,3.3000000000000003,1,0.16490863496618485
616620391,1719827542,37.43445333333333,25.289341666666665,33.7,0.0,1,0.11524249255876151
616620391,1719827546,37.435408333333335,25.289403333333333,33.7,3.4000000000000004,1,0.15971457367136138
616620391,1719827548,37.435721666666666,25.289426666666667,33.7,3.4000000000000004,1,0.21803847753043043
616620391,1719827550,37.436035,25.28945,33.7,3.4000000000000004,1,0.21803847753043043
616620391,1719827564,37.438233333333336,25.28961,33.800000000000004,3.3000000000000003,1,0.015774979798576116
616620391,1719827570,37.43917666666667,25.289675,33.9,3.2,1,0.1513929963964909
616620391,1719827574,37.43980666666667,25.289721666666665,33.9,3.3000000000000003,1,0.19471185989848494
616620391,1719827598,37.443583333333336,25.289953333333333,33.9,2.7,-1,-0.05525779184175739
616620391,1719827618,37.44658166666667,25.290748333333333,33.0,12.3,-1,-0.09268912691520026
616620391,1719827630,37.44810666666667,25.291508333333333,33.0,0.0,1,0.04123058268611646
616620391,1719827634,37.4489,25.291775,33.0,17.900000000000002,1,0.14883657844358977
616620391,1719827636,37.449043333333336,25.291843333333333,33.0,18.2,1,0.21770306290138697
616620391,1719827642,37.449893333333335,25.29227833333333,33.0,19.9,1,0.16008681635480265
616620391,1719827648,37.450855,25.292853333333333,32.800000000000004,22.6,1,0.12181384174529608
616620391,1719827650,37.45111833333333,25.293031666666668,32.7,23.5,1,0.2151379295100021
616620391,1719827652,37.451373333333336,25.293211666666668,32.5,24.4,1,0.1901582448481089
616620391,1719827656,37.451975,25.29369,31.8,27.200000000000003,1,0.07483852694396209
616620391,1719827658,37.4522,25.29388833333333,31.4,28.5,1,0.13880876747254078
616620391,1719827664,37.45273,25.29441,30.4,31.9,1,0.01807530500644272
616620391,1719827666,37.45292666666667,25.29462833333333,30.0,33.4,1,0.12714839723331067
616620391,1719827668,37.453116666666666,25.294851666666663,29.6,34.9,1,0.12581415835731669
616620391,1719827670,37.45329666666667,25.29507333333333,29.200000000000003,36.4,1,0.1256946254139576
616620391,1719827672,37.45346333333333,25.2953,28.6,38.1,1,0.09435227992292083
616620391,1719827674,37.45362166666666,25.295526666666667,28.1,39.8,1,0.10971427488846386
616620391,1719827676,37.453768333333336,25.295756666666662,27.6,41.5,1,0.11085757173931715
616620391,1719827680,37.453653333333335,25.29621833333333,26.6,0.0,-1,-0.00532023838220641
616620391,1719827682,37.45408,25.296451666666663,26.1,0.0,1,0.09040131764078707
616620391,1719827684,37.45429666666666,25.296681666666668,25.700000000000003,48.0,1,0.05999918826024331
616620391,1719827686,37.454415,25.296916666666668,25.3,49.5,1,0.12358551489495267
616620391,1719827688,37.45453333333333,25.29714833333333,25.0,50.7,1,0.14264466647126217
616620391,1719827690,37.45465166666666,25.29737666666667,24.700000000000003,51.8,1,0.1445539703044605
616620391,1719827692,37.45476666666666,25.297605,24.4,52.8,1,0.14664013407752685
616620391,1719827694,37.454875,25.297831666666667,24.1,53.8,1,0.14664013407752685
616620391,1719827696,37.45498,25.29806,23.9,54.7,1,0.1604704854958282
616620391,1719827698,37.455081666666665,25.29829,23.6,55.8,1,0.1454332529980728
616620391,1719827702,37.455275,25.298756666666662,23.200000000000003,57.8,1,0.10744101280105745
616620391,1719827704,37.45536833333333,25.298991666666662,23.1,58.7,1,0.17304991371967332
616620391,1719827706,37.45546333333333,25.299226666666662,23.0,59.5,1,0.17381490822013163
616620391,1719827708,37.455556666666666,25.299461666666662,22.9,60.2,1,0.1729510869965265
616620391,1719827710,37.45565166666667,25.29969833333333,22.9,60.7,1,0.17311391359886724
616620391,1719827712,37.455745,25.29993,22.8,61.1,1,0.17172086769648304
616620391,1719827716,37.45592,25.30039333333333,22.6,62.2,1,0.13994187884975007
616620391,1719827720,37.45608,25.300846666666665,22.1,63.3,1,0.09433146895005107
616620391,1719827722,37.456156666666665,25.301066666666667,21.9,63.900000000000006,1,0.15845934434137188
616620391,1719827724,37.45623,25.301283333333338,21.6,64.4,1,0.14642554889442594
616620391,1719827726,37.45626666666666,25.30139,21.5,64.60000000000001,1,0.15498335225308957
616620391,1719827730,37.45644166666667,25.301921666666665,20.8,65.60000000000001,1,0.06368446101300784
616620391,1719827732,37.45621333333333,25.30212833333333,20.5,0.0,1,0.05270907576574313
616620391,1719827734,37.45654833333333,25.302231666666668,20.4,65.9,1,0.08200523678243299
616620391,1719827736,37.45661333333334,25.30243833333333,20.200000000000003,66.2,1,0.15737730177553738
616620391,1719827738,37.456685,25.30264,20.0,66.3,1,0.15759814610140205
616620391,1719827740,37.45678333333333,25.30294333333333,19.700000000000003,66.60000000000001,1,0.14535473458214493
616620391,1719827742,37.456851666666665,25.30314333333333,19.5,66.7,1,0.15586081999957174
616620391,1719827744,37.45694833333334,25.303445,19.3,67.0,1,0.15524641594913163
616620391,1719827746,37.457015,25.30364,19.1,67.0,1,0.15264863771684545
616620391,1719827748,37.457078333333335,25.30384,19.0,67.2,1,0.1641566861123827
616620391,1719827750,37.45706666666667,25.30393833333333,18.9,0.0,1,0.06626320767521587
616620391,1719827754,37.45724166666667,25.304326666666668,18.7,67.2,1,0.05701255355703816
616620391,1719827756,37.457303333333336,25.30452,18.5,67.4,1,0.15130934139956692
616620391,1719827758,37.457366666666665,25.304711666666662,18.4,67.4,1,0.16053027192845593
616620391,1719827762,37.45749,25.305098333333333,18.2,67.60000000000001,1,0.13690331325877036
616620391,1719827768,37.45767166666667,25.305665,17.900000000000002,67.9,1,0.09029532044423144
616620391,1719827780,37.45798666666666,25.306743333333333,16.8,69.2,-1,-0.019718742118417287
616620391,1719827782,37.45803166666666,25.306916666666663,16.6,69.60000000000001,1,0.14217789111808227
616620391,1719827790,37.45792,25.307585,15.8,0.0,-1,-0.03360507651956335
616620391,1719827794,37.458306666666665,25.30791,15.5,70.5,1,0.02272003394848532
616620391,1719827800,37.45843833333333,25.308378333333337,14.9,70.60000000000001,1,0.0573453711227514
616620391,1719827802,37.458475,25.30853,14.7,70.9,1,0.13112063903907423
616620391,1719827830,37.45890666666666,25.31059,13.0,75.7,-1,-0.10847828490612299
616620391,1719827848,37.459135,25.31179,12.5,76.10000000000001,-1,-0.017767754129010993
616620391,1719827868,37.45943166666667,25.313251666666662,12.3,75.5,-1,-0.002648123929594015
616620391,1719827878,37.459588333333336,25.31393,12.2,74.5,1,0.07364141945502234
616620391,1719827882,37.45964666666666,25.314195,12.0,74.5,1,0.12091418650989227
616620391,1719827890,37.45975666666666,25.31473833333333,12.0,75.10000000000001,1,0.09404376769854117
616620391,1719827896,37.45984333333333,25.315146666666667,12.0,75.2,1,0.10842847712660719
616620391,1719827900,37.45990166666667,25.315418333333337,12.0,75.10000000000001,1,0.12979380142277402
616620391,1719827902,37.45993333333333,25.315555,12.1,74.9,1,0.13302952196771306
616620391,1719827904,37.45996333333333,25.31569333333333,12.1,74.8,1,0.13418313759916267
616620391,1719827912,37.460095,25.31624,12.2,74.0,1,0.09138942184830395
616620391,1719827913,37.46011166666667,25.316306666666662,12.2,73.8,1,0.11024703694273463
616620391,1719827938,37.46051833333333,25.317935,12.1,72.7,-1,-0.016744393508351885
616620391,1719827942,37.460585,25.318196666666665,12.0,72.60000000000001,1,0.130207532827472
616620391,1719827946,37.460683333333336,25.318585,11.9,72.60000000000001,1,0.12427123715455152
616620391,1719827948,37.46069833333333,25.31865,11.8,72.5,1,0.12396604788849475
616620391,1719827952,37.46078333333333,25.318966666666668,11.7,72.3,1,0.13063631135013226
616620391,1719827973,37.461128333333335,25.320208333333333,11.3,70.9,-1,-0.017604441333211596
616620391,1719827983,37.461315,25.320811666666668,11.2,69.60000000000001,1,0.07143094302588593
616620391,1719827991,37.46147666666667,25.321276666666662,11.0,68.10000000000001,1,0.08555682135992065
616620391,1719828012,37.46187666666667,25.322356666666668,9.7,64.9,-1,-0.06964344488840835
616620391,1719828093,37.46317666666667,25.32389833333333,1.6,0.0,-1,-0.20057097522022038
616620391,1719828095,37.46318333333333,25.323895,1.4,357.90000000000003,1,0.03212581695742123
616620391,1719828103,37.46319,25.323885,0.7000000000000001,348.90000000000003,-1,-0.030644567445234583
616620391,1719828125,37.46319333333334,25.323991666666668,0.9,77.4,-1,-0.041629573367080064
616620391,1719828153,37.463303333333336,25.324293333333333,1.5,66.10000000000001,-1,-0.031175645706186028
616620391,1719828155,37.46330833333333,25.324306666666665,1.5,65.4,1,0.08984782279839393
616620391,1719828159,37.463323333333335,25.324328333333337,1.5,61.5,1,0.09034538015914467
616620391,1719828262,37.463475,25.324483333333333,0.0,123.6,-1,-0.1337315973754991
616620391,1719828283,37.46347333333333,25.324486666666665,0.0,140.1,1,0.03479513111424304
616620391,1719828333,37.463475,25.324481666666667,0.0,133.8,-1,-0.02474021850593766
616620391,1719828421,37.46348166666667,25.324486666666665,0.0,132.3,-1,-0.06423377171792055
616620391,1719828453,37.46348166666667,25.324483333333333,0.0,133.20000000000002,1,0.009794935540593186
616620391,1719828481,37.46346666666667,25.324483333333333,0.0,0.0,-1,-0.07873436040983972
616620391,1719828532,37.463478333333335,25.324481666666667,0.0,120.7,-1,-0.08776098275302957
616620391,1719828592,37.46323666666667,25.324311666666667,3.0,211.8,-1,-0.153041820681876
616620391,1719828632,37.46198666666667,25.32285333333333,11.2,227.9,-1,-0.18608791208318454
616620391,1719828635,37.46188833333333,25.322665,11.6,230.1,1,0.08962821294411966
616620391,1719828638,37.46179333333333,25.322471666666665,11.9,232.2,1,0.10268004810620363
616620391,1719828645,37.461596666666665,25.32198333333333,12.6,237.7,1,0.014261127847152721
616620391,1719828652,37.46140166666667,25.321348333333333,13.6,244.0,-1,-0.005649781289989719
616620391,1719828658,37.46126833333334,25.320813333333337,14.6,247.9,1,0.005790433472079304
616620391,1719828662,37.46118,25.320421666666668,15.5,250.2,1,0.04231570776936955
616620391,1719828665,37.46112,25.320108333333337,16.1,251.8,1,0.08154743246243473
616620391,1719828666,37.46112,25.320108333333337,16.1,251.8,1,0.11459992080111187
616620391,1719828668,37.461065,25.319776666666662,16.900000000000002,253.5,1,0.06224948144471365
616620391,1719828669,37.461065,25.319776666666662,16.900000000000002,253.5,1,0.11424493039701034
616620391,1719828670,37.46102833333333,25.319548333333337,17.400000000000002,254.5,1,0.09224877505232715
616620391,1719828671,37.46101166666666,25.31943,17.7,255.0,1,0.11176719397300872
616620391,1719828672,37.460995,25.319311666666668,17.900000000000002,255.5,1,0.12449744586796141
616620391,1719828675,37.46094833333333,25.318943333333333,18.7,257.0,1,0.055103313519782926
616620391,1719828682,37.460865,25.318161666666665,20.4,259.40000000000003,-1,-0.02526235585156489
616620391,1719828684,37.460838333333335,25.317885,20.9,260.1,1,0.1095040014440648
616620391,1719828688,37.46078666666666,25.31731,22.1,261.3,1,0.02902666007772181
616620391,1719828700,37.46065333333333,25.31541,25.8,264.0,-1,-0.11429481561187027
616620391,1719828701,37.46064333333333,25.315241666666665,26.1,264.2,1,0.12358339840228205
616620391,1719828720,37.46048833333333,25.31181,30.6,266.3,-1,-0.1488002424919953
616620391,1719828722,37.46047166666666,25.311433333333333,30.9,266.3,1,0.15404386389091285
616620391,1719828722,37.46047166666666,25.311433333333333,30.9,266.3,1,0.1405541859214527
616620391,1719828728,37.46042333333333,25.31028833333333,31.700000000000003,266.5,1,0.026524309369830412
616620391,1719828728,37.46042333333333,25.31028833333333,31.700000000000003,266.5,1,0.14413045397015195
616620391,1719828742,37.460053333333335,25.307781666666667,32.800000000000004,0.0,-1,-0.08925056869521197
616620391,1719828748,37.460251666666665,25.306611666666665,33.1,266.3,-1,-0.00113773316683341
616620391,1719828749,37.46022333333333,25.306221666666666,33.2,266.1,1,0.19946945252515597
616620391,1719828756,37.46014,25.30484833333333,33.5,265.8,1,0.07405438543981047
616620391,1719828760,37.460053333333335,25.304061666666662,33.6,0.0,1,0.08714724329386608
616620391,1719828764,37.460045,25.303273333333333,33.7,265.6,1,0.07367724303744472
616620391,1719828766,37.46002166666667,25.302876666666663,33.800000000000004,265.6,1,0.21358128008483723
616620391,1719828769,37.45996333333333,25.302085,33.9,265.3,1,0.17829702031672556
616620391,1719828771,37.45993666666666,25.301686666666665,34.0,265.3,1,0.21119320808708758
616620391,1719828780,37.459831666666666,25.300106666666668,34.0,265.1,1,0.08391220466864946
616620391,1719828782,37.45979666666667,25.299711666666667,34.0,264.90000000000003,1,0.22381401015334518
616620391,1719828783,37.45976,25.29931833333333,34.0,264.6,1,0.20535908333566194
616620391,1719828786,37.45973666666666,25.298921666666665,34.0,264.8,1,0.2121694930214002
616620391,1719828798,37.459583333333335,25.296558333333333,33.9,265.1,1,0.018667376921218448
616620391,1719828801,37.459516666666666,25.295773333333333,33.9,264.7,1,0.18626072941875493
616620391,1719828808,37.45944333333333,25.294588333333333,34.0,265.0,1,0.11813560234479636
616620391,1719828818,37.45929666666667,25.29263,33.9,264.7,1,0.04746443061987571
616620391,1719828820,37.45927666666667,25.292235,33.9,264.90000000000003,1,0.22350484160610545
616620391,1719828822,37.459248333333335,25.29184,33.9,264.90000000000003,1,0.22163030204662926
616620391,1719828824,37.45922166666666,25.29145,33.9,264.90000000000003,1,0.22242819030293248
616620391,1719828827,37.45917166666667,25.29086,33.9,264.7,1,0.20128380819056524
616620391,1719828848,37.45886166666666,25.286741666666668,33.800000000000004,264.5,-1,-0.037519403515855254
616620391,1719828850,37.45885,25.28654833333333,33.800000000000004,264.6,1,0.2087569146519021
616620391,1719828851,37.45882666666667,25.28616333333333,33.7,264.8,1,0.200406439320524
616620391,1719828856,37.458765,25.28539,33.6,264.6,1,0.1723185184138965
616620391,1719828858,37.458725,25.284808333333338,33.5,264.7,1,0.20106451269597436
616620391,1719828860,37.45834666666666,25.284421666666667,33.5,0.0,1,0.11567841314238458
616620391,1719828861,37.458668333333335,25.284035,33.5,264.7,1,0.10012940375877843
616620391,1719828864,37.45864,25.283646666666662,33.5,264.7,1,0.2164704177826327
616620391,1719828866,37.45861,25.283261666666668,33.4,264.6,1,0.2190113040858938
616620391,1719828868,37.45858333333333,25.28287333333333,33.4,264.6,1,0.22796020400072242
616620391,1719828872,37.45852,25.2821,33.4,264.5,1,0.19215591975342472
616620391,1719828874,37.45849166666667,25.28171,33.4,264.5,1,0.22754975558928564
616620391,1719828876,37.45845666666666,25.281321666666667,33.5,264.40000000000003,1,0.21748696929318484
616620391,1719828878,37.45834666666666,25.280931666666667,33.5,0.0,1,0.12253786696971752
616620391,1719828880,37.458396666666665,25.280545,33.5,264.3,1,0.12632376360914893
616620391,1719828884,37.45834333333333,25.279768333333333,33.5,264.5,1,0.19096510417678858
616620391,1719828886,37.45831333333334,25.27938,33.5,264.40000000000003,1,0.22880492671610303
616620391,1719828887,37.45829,25.278991666666663,33.5,264.6,1,0.21244686733098422
616620391,1719828894,37.45792,25.277836666666666,33.4,0.0,1,0.047094767334853294
616620391,1719828898,37.45813666666667,25.27706,33.4,264.3,1,0.08136513988801869
616620391,1719828902,37.45807833333333,25.276286666666667,33.4,264.40000000000003,1,0.19215591975342472
616620391,1719828903,37.45804666666667,25.2759,33.4,264.3,1,0.21471747803138552
616620391,1719828906,37.458015,25.275511666666667,33.4,264.2,1,0.2183382933427303
616620391,1719828908,37.45798666666666,25.27512,33.5,264.3,1,0.21683965151399848
616620391,1719828919,37.457818333333336,25.272806666666668,33.300000000000004,264.5,1,0.018683591357711804
616620391,1719828928,37.457695,25.27125833333333,33.300000000000004,264.3,1,0.09491817690223214
616620391,1719828934,37.45760166666667,25.27009,33.5,264.3,1,0.10877993905870192
616620391,1719828936,37.45756833333333,25.26970333333333,33.5,264.2,1,0.2287943456826616
616620391,1719828938,37.45755333333334,25.269511666666663,33.4,264.2,1,0.20202075903838063
616620391,1719828942,37.457485,25.26873833333333,33.4,264.0,1,0.1902066463033647
616620391,1719828946,37.45706666666667,25.267956666666667,33.5,0.0,1,0.07672985522942871
616620391,1719828947,37.457385,25.267566666666667,33.5,263.90000000000003,1,0.09522258928692157
616620391,1719828949,37.45735333333333,25.267181666666666,33.5,263.90000000000003,1,0.2269889580368185
616620391,1719828953,37.45726333333333,25.26621833333333,33.4,263.6,1,0.1621739737107925
616620391,1719828958,37.45721,25.265636666666666,33.4,263.5,1,0.18728358303747022
616620391,1719828960,37.457143333333335,25.26505333333333,33.5,263.1,1,0.1969413309924929
616620391,1719828962,37.45711333333333,25.26466333333333,33.5,263.3,1,0.22700904332520477
616620391,1719828964,37.457076666666666,25.264275,33.5,263.3,1,0.22697616799022502
616620391,1719828966,37.45664,25.263886666666668,33.5,0.0,1,0.10622885442039498
616620391,1719828968,37.45702,25.26349833333333,33.5,263.6,1,0.10996873141253893
616620391,1719828970,37.456985,25.263113333333333,33.5,263.6,1,0.22818311311916462
616620391,1719828971,37.45695333333333,25.262726666666666,33.5,263.7,1,0.21438953383329074
616620391,1719828974,37.45691833333333,25.262336666666663,33.5,263.7,1,0.21712905519641307
616620391,1719828976,37.45688333333333,25.261945,33.5,263.7,1,0.22767510663192214
616620391,1719828978,37.45685833333334,25.261556666666667,33.5,263.8,1,0.2287066035501077
616620391,1719828980,37.45664,25.26117333333333,33.5,0.0,1,0.12050948246365045
616620391,1719828984,37.45677833333333,25.26040666666667,33.300000000000004,264.3,1,0.06448839124023231
616620391,1719828986,37.45675166666667,25.260023333333333,33.300000000000004,264.40000000000003,1,0.22891942303647317
616620391,1719828988,37.45672,25.25964,33.2,264.40000000000003,1,0.21779707267751403
616620391,1719828989,37.45668833333333,25.259255,33.2,264.3,1,0.2136748426477676
616620391,1719828992,37.45666,25.25886833333333,33.2,264.3,1,0.2175028803874295
616620391,1719828994,37.456633333333336,25.258485,33.2,264.40000000000003,1,0.22957898697051426
616620391,1719828996,37.45660333333333,25.258101666666665,33.2,264.40000000000003,1,0.22838882823282614
616620391,1719828998,37.45621333333333,25.257716666666667,33.2,0.0,1,0.11473284139113543
616620391,1719829000,37.456535,25.257331666666666,33.2,264.1,1,0.12215049654768845
616620391,1719829002,37.45650666666667,25.25694333333333,33.300000000000004,264.2,1,0.21838420574900191
616620391,1719829004,37.45648166666667,25.25655833333333,33.2,264.40000000000003,1,0.21812596145610413
616620391,1719829005,37.45646333333333,25.25618,33.1,264.7,1,0.20025513123736144
616620391,1719829007,37.45643333333334,25.25580666666667,33.0,264.7,1,0.2173091843370576
616620391,1719829009,37.45641166666667,25.255431666666667,32.9,264.8,1,0.21812465821671256
616620391,1719829011,37.45638,25.255051666666667,32.800000000000004,264.7,1,0.21696112091634762
616620391,1719829014,37.45621333333333,25.254673333333333,32.800000000000004,0.0,1,0.10261976619643076
616620391,1719829018,37.45628833333333,25.253913333333333,32.800000000000004,264.5,1,0.07975910638636974
616620391,1719829020,37.45625166666667,25.253533333333333,32.800000000000004,264.2,1,0.22294659353900448
616620391,1719829023,37.45619833333333,25.252956666666662,32.9,264.0,1,0.19516461817947844
616620391,1719829026,37.45614333333333,25.25238166666667,33.0,263.7,1,0.19643381661572717
616620391,1719829028,37.45610666666666,25.251995,33.0,263.6,1,0.22985409534256834
616620391,1719829030,37.45608166666667,25.25161,33.1,263.8,1,0.21883481532360466
616620391,1719829032,37.45578666666667,25.251418333333337,33.1,0.0,1,0.12059486694404381
616620391,1719829034,37.456035,25.251036666666668,33.0,263.90000000000003,1,0.11021494548463145
616620391,1719829036,37.455985,25.25045833333333,33.1,263.90000000000003,1,0.1994698958280854
616620391,1719829038,37.455958333333335,25.250071666666667,33.1,264.0,1,0.22949843660035202
616620391,1719829039,37.45594833333333,25.24987833333333,33.1,264.2,1,0.19723719873627893
616620391,1719829041,37.455925,25.249495,33.1,264.40000000000003,1,0.22818124902364434
616620391,1719829044,37.455875,25.248926666666662,33.0,264.3,1,0.19893463383352478
616620391,1719829046,37.45586,25.248736666666662,33.0,264.3,1,0.21208956626783715
616620391,1719829048,37.455823333333335,25.248355,33.0,264.1,1,0.22756931128284175
616620391,1719829049,37.455785,25.24797166666667,33.0,263.8,1,0.20987375199847585
616620391,1719829052,37.45575333333333,25.247586666666667,33.0,263.8,1,0.21729818354656377
616620391,1719829054,37.455715,25.24701333333333,33.0,264.1,1,0.21084163205602413
616620391,1719829056,37.45568166666666,25.246635,33.0,264.1,1,0.2277974132541981
616620391,1719829058,37.45565833333333,25.246255,32.9,264.2,1,0.21801643822969774
616620391,1719829060,37.455643333333335,25.246061666666662,32.9,264.3,1,0.21171115310567623
616620391,1719829062,37.455596666666665,25.245486666666668,33.0,264.2,1,0.20247159883160498
616620391,1719829063,37.45558,25.245103333333333,33.0,264.6,1,0.2084548337988159
616620391,1719829066,37.45536,25.244725,32.9,0.0,1,0.0955607224561894
616620391,1719829067,37.45551833333333,25.24434833333333,32.9,264.5,1,0.1014024019850695
616620391,1719829069,37.455485,25.243966666666665,32.9,264.3,1,0.22543140151033564
616620391,1719829071,37.455443333333335,25.243586666666666,32.9,264.0,1,0.22504307499367365
616620391,1719829073,37.45540666666667,25.243205,32.9,263.8,1,0.22556275310589868
616620391,1719829078,37.455335,25.24243833333333,33.0,263.5,1,0.1724026265776636
616620391,1719829080,37.45530333333333,25.242055,33.0,263.6,1,0.22985409534256834
616620391,1719829082,37.45527833333333,25.241675,33.0,263.8,1,0.2275701316012086
616620391,1719829083,37.45525166666667,25.2413,32.9,264.0,1,0.1991312007290303
616620391,1719829086,37.45493333333334,25.240925,32.800000000000004,0.0,1,0.09367844577198764
616620391,1719829090,37.45516333333333,25.240166666666667,32.800000000000004,264.1,1,0.07765605906072204
616620391,1719829091,37.45514166666667,25.239786666666667,32.800000000000004,264.3,1,0.20791533374145066
616620391,1719829094,37.455105,25.239406666666667,32.800000000000004,264.2,1,0.21526529636957353
616620391,1719829096,37.45508,25.239025,32.800000000000004,264.2,1,0.22427663411588972
616620391,1719829098,37.45504666666667,25.23864,32.9,264.2,1,0.21631224284929873
616620391,1719829101,37.45499,25.23786833333333,33.0,264.3,1,0.1886274514618761
616620391,1719829104,37.45496166666667,25.237483333333333,33.0,264.40000000000003,1,0.21928211449081914
616620391,1719829106,37.45493666666667,25.237095,33.1,264.5,1,0.21993531503294578
616620391,1719829108,37.45492,25.23671,33.1,264.8,1,0.22809625834878122
616620391,1719829109,37.45489333333333,25.236326666666667,33.1,264.90000000000003,1,0.213537286464266
616620391,1719829112,37.45486833333333,25.235946666666667,33.0,264.90000000000003,1,0.20735650364997038
616620391,1719829114,37.454836666666665,25.23556333333333,33.0,264.90000000000003,1,0.22818540993621045
616620391,1719829116,37.45480166666667,25.235178333333337,33.1,264.6,1,0.2184008507486635
616620391,1719829118,37.45450666666667,25.234791666666663,33.1,0.0,1,0.12025013032483156
616620391,1719829120,37.45473833333333,25.234401666666667,33.2,264.40000000000003,1,0.11098111664136634
616620391,1719829122,37.45470666666667,25.23400833333333,33.300000000000004,264.3,1,0.21773993455605278
616620391,1719829123,37.45469333333333,25.233811666666668,33.4,264.40000000000003,1,0.1897262548683022
616620391,1719829125,37.45466833333333,25.23342333333333,33.4,264.6,1,0.22759980208277947
616620391,1719829127,37.45464,25.233036666666667,33.4,264.6,1,0.22796020400072242
616620391,1719829129,37.45460666666666,25.232651666666666,33.300000000000004,264.6,1,0.2170294640852049
616620391,1719829131,37.454566666666665,25.232266666666668,33.300000000000004,264.2,1,0.22427895629573147
616620391,1719829134,37.45450666666667,25.231881666666663,33.300000000000004,0.0,1,0.10612016511992156
616620391,1719829136,37.45408,25.231301666666667,33.300000000000004,0.0,1,0.19465225580847284
616620391,1719829140,37.45440833333333,25.230531666666668,33.300000000000004,263.8,1,0.0737664937006941
616620391,1719829142,37.4544,25.230343333333337,33.300000000000004,264.0,1,0.2110950215970473
616620391,1719829144,37.45438833333333,25.22996833333333,33.1,264.6,1,0.18476781741344833
616620391,1719829146,37.454346666666666,25.22941,32.800000000000004,264.7,1,0.15429266129315583
616620391,1719829148,37.45433333333333,25.229221666666668,32.800000000000004,264.7,1,0.20804290522787666
616620391,1719829150,37.45428666666667,25.228656666666662,32.7,264.6,1,0.2019712803027287
616620391,1719829152,37.45408,25.228466666666662,32.7,0.0,1,0.11327904325999433
616620391,1719829154,37.45424,25.228085,32.7,264.40000000000003,1,0.1213438319364572
616620391,1719829156,37.454186666666665,25.227318333333333,32.800000000000004,264.6,1,0.18658020565559919
616620391,1719829157,37.45417333333334,25.227128333333333,32.800000000000004,264.6,1,0.1948709302802371
616620391,1719829160,37.45415333333333,25.22675333333333,32.7,264.8,1,0.20538883601793745
616620391,1719829161,37.454141666666665,25.226565,32.7,264.90000000000003,1,0.19408777512892716
616620391,1719829164,37.45409,25.226,32.7,264.6,1,0.201167651473592
616620391,1719829166,37.45405333333333,25.225621666666665,32.7,264.3,1,0.22184962323858104
616620391,1719829168,37.453653333333335,25.225238333333333,32.7,0.0,1,0.10761109670734426
616620391,1719829170,37.453653333333335,25.224855,32.800000000000004,0.0,1,0.20265250638867077
616620391,1719829172,37.45395833333333,25.22447,32.800000000000004,264.1,1,0.12112555460332664
616620391,1719829174,37.45392666666667,25.22408833333333,32.9,264.1,1,0.21631224284929873
616620391,1719829176,37.453898333333335,25.223705,32.9,264.2,1,0.226892339489068
616620391,1719829178,37.45386833333333,25.22331833333333,33.0,264.3,1,0.21948331862108655
616620391,1719829180,37.45384,25.222935,33.0,264.3,1,0.22792706031623233
616620391,1719829183,37.45378,25.22216166666667,33.1,264.3,1,0.18551848835102824
616620391,1719829187,37.453725,25.221385,33.2,264.5,1,0.18384376506595407
616620391,1719829189,37.45369333333333,25.220996666666668,33.300000000000004,264.40000000000003,1,0.21848785934887438
616620391,1719829192,37.45365833333334,25.220606666666665,33.300000000000004,264.3,1,0.21862300392370804
616620391,1719829193,37.45362833333333,25.220215,33.4,264.3,1,0.2015086267935744
616620391,1719829196,37.45359666666667,25.219823333333338,33.5,264.2,1,0.20710796615650184
616620391,1719829200,37.45354833333333,25.219048333333333,33.5,264.6,1,0.1878635572927428
616620391,1719829204,37.453226666666666,25.21827333333333,33.4,0.0,1,0.08092440116637623
616620391,1719829208,37.453435,25.217496666666666,33.4,264.6,1,0.08187253675295958
616620391,1719829210,37.453406666666666,25.21711,33.4,264.6,1,0.22796020400072242
616620391,1719829211,37.45337666666666,25.21672166666667,33.4,264.6,1,0.21364975267791558
616620391,1719829214,37.45334166666667,25.216331666666665,33.5,264.40000000000003,1,0.20652288564662308
616620391,1719829216,37.45331333333333,25.215941666666662,33.5,264.40000000000003,1,0.22706847437855104
616620391,1719829220,37.45325666666667,25.215161666666667,33.5,264.5,1,0.19145363348084116
616620391,1719829221,37.453228333333335,25.214773333333333,33.5,264.5,1,0.21300083279905208
616620391,1719829224,37.4532,25.214386666666663,33.5,264.5,1,0.21639339287652948
616620391,1719829226,37.45317333333333,25.213996666666667,33.5,264.6,1,0.2286555836727025
616620391,1719829227,37.45315833333333,25.21380333333333,33.5,264.6,1,0.2001457502318264
616620391,1719829229,37.453135,25.213418333333333,33.5,264.7,1,0.2293986020667234
616620391,1719829232,37.4531,25.212845,33.300000000000004,264.90000000000003,1,0.17151353881837555
616620391,1719829234,37.45307666666667,25.212465,33.2,265.0,1,0.21984595328128193
616620391,1719829240,37.453,25.211513333333333,33.1,264.7,1,0.14529953238008886
616620391,1719829242,37.45295166666666,25.210935,33.1,264.5,1,0.21112149478633863
616620391,1719829243,37.452935,25.210741666666667,33.1,264.40000000000003,1,0.2000234747239244
616620391,1719829245,37.45290166666667,25.210356666666662,33.2,264.3,1,0.21955751881194635
616620391,1719829248,37.45285666666667,25.209776666666667,33.2,264.3,1,0.2054275424261105
616620391,1719829249,37.45284333333333,25.20958333333333,33.2,264.3,1,0.19784309385407822
616620391,1719829252,37.4528,25.209196666666667,33.2,0.0,1,0.10478347645606012
616620391,1719829253,37.45279,25.208816666666667,33.2,264.5,1,0.10517583650278123
616620391,1719829256,37.452745,25.208246666666668,33.1,264.40000000000003,1,0.19954020934479944
616620391,1719829258,37.452713333333335,25.207866666666668,33.1,264.3,1,0.22936937386951012
616620391,1719829260,37.452685,25.207481666666663,33.1,264.3,1,0.22840564466057062
616620391,1719829262,37.45265833333333,25.20709833333333,33.1,264.40000000000003,1,0.22963074613605333
616620391,1719829264,37.45263166666667,25.20672,33.0,264.5,1,0.21944508751000041
616620391,1719829266,37.45260666666667,25.20634,33.0,264.6,1,0.2290246549262563
616620391,1719829268,37.45257,25.20596,32.9,264.40000000000003,1,0.2168329999519344
616620391,1719829270,37.45237333333333,25.205576666666666,32.9,0.0,1,0.12066224775258672
616620391,1719829274,37.452475,25.204806666666663,33.0,264.2,1,0.07714606423855258
616620391,1719829276,37.45245166666667,25.204425,33.0,264.3,1,0.22902135439020382
616620391,1719829277,37.452425,25.204045,33.0,264.40000000000003,1,0.21276360665746596
616620391,1719829280,37.45239333333333,25.203666666666667,32.9,264.40000000000003,1,0.20507849027015146
616620391,1719829282,37.45236166666667,25.203286666666667,32.9,264.3,1,0.22676230765626915
616620391,1719829286,37.452295,25.202521666666662,32.9,264.1,1,0.18783811792637578
616620391,1719829287,37.452263333333335,25.202136666666668,33.0,264.0,1,0.2012091206473851
616620391,1719829290,37.45223833333333,25.201753333333333,33.0,264.2,1,0.21778527101924644
616620391,1719829292,37.45221,25.201373333333333,33.0,264.3,1,0.228892114251812
616620391,1719829294,37.452185,25.200995,32.9,264.40000000000003,1,0.21797805006963483
616620391,1719829300,37.45209833333333,25.199855,32.800000000000004,264.40000000000003,1,0.12748232244040458
616620391,1719829302,37.45206666666667,25.199471666666668,32.9,264.40000000000003,1,0.21627367223254595
616620391,1719829304,37.45194666666666,25.19909,32.9,0.0,1,0.12037027606779716
616620391,1719829305,37.45201333333333,25.198706666666663,32.9,264.5,1,0.10455583168754984
616620391,1719829308,37.45194666666666,25.198326666666667,32.9,0.0,1,0.10439850998120404
616620391,1719829309,37.45195833333333,25.197948333333333,32.800000000000004,264.6,1,0.08823151961567016
616620391,1719829312,37.451926666666665,25.197568333333333,32.800000000000004,264.5,1,0.21526872754074378
616620391,1719829318,37.451836666666665,25.196416666666668,33.0,264.40000000000003,1,0.11069870635626305
616620391,1719829320,37.45181166666666,25.196038333333338,32.9,264.5,1,0.21797805006963483
616620391,1719829324,37.45152,25.195281666666663,32.800000000000004,0.0,1,0.082764978619836
616620391,1719829326,37.45171333333333,25.1949,32.800000000000004,264.2,1,0.1239797683512684
616620391,1719829328,37.45167833333333,25.19451833333333,32.9,264.0,1,0.21687151069165633
616620391,1719829330,37.45164333333334,25.194135,32.9,263.90000000000003,1,0.226892339489068
616620391,1719829331,37.451625,25.193941666666667,32.9,263.8,1,0.1972782809019007
616620391,1719829334,37.45158333333333,25.193366666666662,33.0,264.0,1,0.1975661319202865
616620391,1719829338,37.45152,25.19279833333333,32.9,0.0,1,0.0916436705428953
616620391,1719829342,37.45147166666667,25.19203333333333,33.0,263.90000000000003,1,0.07492764641675176
616620391,1719829344,37.45144,25.191646666666667,33.0,263.90000000000003,1,0.22792706031623233
616620391,1719829346,37.45139833333333,25.191071666666662,33.0,264.1,1,0.21067955913105152
616620391,1719829347,37.451385,25.19088,33.0,264.2,1,0.19757889886174257
616620391,1719829350,37.45135833333333,25.1905,33.0,264.3,1,0.21901294596903298
616620391,1719829352,37.45132666666667,25.19011833333333,33.0,264.3,1,0.22792706031623233
616620391,1719829354,37.45128,25.189541666666667,33.0,264.2,1,0.2115462211223254
616620391,1719829358,37.451225,25.188775,33.0,264.40000000000003,1,0.18994256810399585
616620391,1719829360,37.45119833333333,25.188395,33.0,264.5,1,0.2290246549262563
616620391,1719829362,37.45117,25.188015,32.9,264.5,1,0.21627367223254595
616620391,1719829363,37.45114,25.187633333333338,32.9,264.40000000000003,1,0.21154578610489805
616620391,1719829365,37.45110666666667,25.18725,33.0,264.3,1,0.21948331862108655
616620391,1719829368,37.451075,25.186865,33.0,264.3,1,0.2171637392595085
616620391,1719829369,37.45104333333333,25.18648,33.0,264.2,1,0.21247364053132684
616620391,1719829372,37.45066666666666,25.186096666666668,33.1,0.0,1,0.09482401782549721
616620391,1719829373,37.450985,25.185711666666663,33.1,264.3,1,0.09917681212600232
616620391,1719829376,37.45095333333333,25.18532833333333,33.1,264.3,1,0.21765709838234842
616620391,1719829378,37.450923333333336,25.184946666666665,33.1,264.2,1,0.22949843660035202
616620391,1719829380,37.45089,25.184561666666667,33.1,264.2,1,0.22840564466057062
616620391,1719829382,37.45085666666667,25.184175,33.1,264.1,1,0.22949843660035202
616620391,1719829384,37.45082333333333,25.18379,33.2,264.0,1,0.21955751881194635
616620391,1719829386,37.45079166666667,25.18340333333333,33.2,264.0,1,0.22825604507972447
616620391,1719829388,37.45076,25.18302,33.2,264.0,1,0.22825604507972447
616620391,1719829390,37.45066666666666,25.18263333333333,33.2,0.0,1,0.12182837692553755
616620391,1719829391,37.45069166666666,25.182246666666668,33.2,263.90000000000003,1,0.1025845005651651
616620391,1719829393,37.45065833333334,25.18186,33.300000000000004,263.8,1,0.21842752305302288
616620391,1719829396,37.450625,25.181473333333333,33.300000000000004,263.8,1,0.21643649590996877
616620391,1719829397,37.450588333333336,25.181086666666666,33.300000000000004,263.7,1,0.21334310805382434
616620391,1719829400,37.450555,25.18069833333333,33.300000000000004,263.7,1,0.21726396438835327
616620391,1719829402,37.45052166666667,25.18031,33.4,263.7,1,0.2177837079213959
616620391,1719829404,37.45048666666667,25.179925,33.4,263.7,1,0.22866285942651776
616620391,1719829406,37.45045666666667,25.179538333333333,33.4,263.7,1,0.22866285942651776
616620391,1719829408,37.45024,25.179151666666662,33.4,0.0,1,0.11756317040756581
616620391,1719829410,37.450388333333336,25.178765,33.4,263.7,1,0.11964178185974428
616620391,1719829412,37.45035666666666,25.17838,33.4,263.7,1,0.22866285942651776
616620391,1719829414,37.450325,25.177995,33.300000000000004,263.8,1,0.21842752305302288
616620391,1719829416,37.450295,25.177611666666667,33.300000000000004,263.90000000000003,1,0.22843091563517576
616620391,1719829418,37.45026333333333,25.177231666666668,33.2,263.90000000000003,1,0.21783548021152976
616620391,1719829420,37.450228333333335,25.17685,33.2,263.8,1,0.22957650730120077
616620391,1719829422,37.45019166666667,25.176466666666663,33.2,263.7,1,0.2302783796108746
616620391,1719829424,37.44981333333333,25.176081666666665,33.2,0.0,1,0.11293264630765043
616620391,1719829425,37.45014,25.175888333333333,33.2,263.6,1,0.09825796794858749
616620391,1719829428,37.44981333333333,25.175316666666667,33.1,0.0,1,0.0894936405478361
616620391,1719829430,37.45006166666667,25.174936666666667,33.1,263.7,1,0.12354475353021582
616620391,1719829432,37.450026666666666,25.174556666666668,33.0,263.7,1,0.2184866939444678
616620391,1719829433,37.45001,25.174365,33.0,263.7,1,0.19858109001311808
616620391,1719829436,37.449958333333335,25.17379333333333,33.0,263.6,1,0.20879096327737406
616620391,1719829438,37.449925,25.17341,33.0,263.6,1,0.228762423224791
616620391,1719829440,37.44989666666667,25.173031666666667,33.0,263.7,1,0.22972516486680689
616620391,1719829444,37.44981333333333,25.172275,32.9,0.0,1,0.08537235033667434
616620391,1719829446,37.44981833333333,25.172086666666665,32.9,263.8,1,0.11040184128735347
616620391,1719829450,37.44974833333333,25.171326666666666,32.9,263.6,1,0.18840186537725073
616620391,1719829452,37.449713333333335,25.170945,32.9,263.6,1,0.22680722732437614
616620391,1719829453,37.44968166666666,25.170561666666668,32.9,263.6,1,0.21066541703803893
616620391,1719829456,37.44963166666667,25.169986666666667,33.0,263.6,1,0.19515288220343802
616620391,1719829458,37.44938666666667,25.169795,33.0,0.0,1,0.11472933851720074
616620391,1719829460,37.44938666666667,25.169221666666665,33.0,0.0,1,0.2038711463575234
616620391,1719829462,37.44953,25.16884,33.0,263.6,1,0.12281220037833751
616620391,1719829464,37.44949666666667,25.168455,33.0,263.5,1,0.22985409534256834
616620391,1719829466,37.449465,25.168071666666663,33.1,263.5,1,0.21897823705138336
616620391,1719829467,37.44943666666666,25.167685,33.1,263.6,1,0.2142235715071792
616620391,1719829470,37.44940666666667,25.167303333333333,33.1,263.7,1,0.22049172398630523
616620391,1719829472,37.449376666666666,25.166923333333333,33.0,263.8,1,0.21948331862108655
616620391,1719829474,37.44934333333333,25.166543333333333,33.0,263.8,1,0.22805747835857038
616620391,1719829476,37.44896,25.166161666666667,33.0,0.0,1,0.11156129515611468
616620391,1719829478,37.44896,25.16578,33.0,0.0,1,0.2159997891737283
616620391,1719829480,37.44924,25.165396666666663,33.0,263.6,1,0.12358479381699494
616620391,1719829484,37.449178333333336,25.16463,33.0,263.7,1,0.19180802486711535
616620391,1719829485,37.449145,25.164248333333333,33.0,263.8,1,0.2123817807908409
616620391,1719829488,37.44911333333334,25.163866666666667,33.0,263.8,1,0.21729818354656377
616620391,1719829490,37.449081666666665,25.163485,33.0,263.90000000000003,1,0.22902135439020382
616620391,1719829492,37.44905,25.16310333333333,33.0,263.90000000000003,1,0.22792706031623233
616620391,1719829494,37.44896,25.162721666666663,33.0,0.0,1,0.119668533644477
616620391,1719829495,37.44898166666667,25.16234,33.0,263.7,1,0.10285038412232833
616620391,1719829498,37.448945,25.161955,33.0,263.6,1,0.21967562266680152
616620391,1719829500,37.448908333333335,25.16157,33.1,263.6,1,0.21897823705138336
616620391,1719829502,37.44887833333333,25.161186666666666,33.1,263.6,1,0.22923986086897258
616620391,1719829504,37.44884833333333,25.160805,33.0,263.8,1,0.21834307507149325
616620391,1719829506,37.448818333333335,25.16042833333333,33.0,263.8,1,0.22792787979372364
616620391,1719829508,37.448785,25.16004833333333,32.9,263.8,1,0.21631224284929873
616620391,1719829510,37.44853333333333,25.15967,32.9,0.0,1,0.11864958798045111
616620391,1719829512,37.44853333333333,25.15929,32.9,0.0,1,0.21603411273457612
616620391,1719829513,37.448681666666666,25.158908333333333,32.9,263.7,1,0.0988325029925422
616620391,1719829516,37.44865,25.158525,32.9,263.7,1,0.21590785470799279
616620391,1719829517,37.44862166666667,25.15814333333333,32.9,263.8,1,0.21115044169546104
616620391,1719829519,37.44859,25.157766666666667,32.9,263.90000000000003,1,0.22676230765626915
616620391,1719829522,37.44856,25.15739,32.800000000000004,263.90000000000003,1,0.2037168184214418
616620391,1719829524,37.448525,25.15701333333333,32.800000000000004,263.8,1,0.22528837422695303
616620391,1719829526,37.44849166666667,25.15663333333333,32.800000000000004,263.7,1,0.2261292357907076
616620391,1719829527,37.44847333333333,25.15644333333333,32.800000000000004,263.7,1,0.19558447814396118
616620391,1719829530,37.44842666666667,25.155875,32.800000000000004,263.8,1,0.20492387049143657
616620391,1719829532,37.448395,25.155496666666668,32.7,263.8,1,0.2152084820170569
616620391,1719829534,37.44837666666667,25.155306666666668,32.7,263.8,1,0.2070059631975854
616620391,1719829535,37.448345,25.154928333333338,32.7,263.8,1,0.20756378384419943
616620391,1719829538,37.44829,25.15435833333333,32.800000000000004,263.6,1,0.19538415015010896
616620391,1719829540,37.448256666666666,25.153975,32.800000000000004,263.6,1,0.22498922653733777
616620391,1719829542,37.44822333333333,25.153593333333333,32.800000000000004,263.6,1,0.22498922653733777
616620391,1719829545,37.44817666666667,25.153025,32.800000000000004,263.7,1,0.20567560796068907
616620391,1719829552,37.448045,25.151691666666668,32.9,263.3,1,0.11147937933021501
616620391,1719829554,37.448013333333336,25.151308333333333,32.9,263.40000000000003,1,0.22773018161481945
616620391,1719829555,37.44799833333333,25.151118333333333,32.9,263.5,1,0.19756991628118542
616620391,1719829558,37.44796333333333,25.150738333333333,32.9,263.5,1,0.21557746536968742
616620391,1719829560,37.44793166666667,25.150358333333333,32.9,263.5,1,0.22667716384181058
616620391,1719829564,37.447845,25.149405,32.9,263.5,1,0.17007682682478986
616620391,1719829566,37.447813333333336,25.149025,32.9,263.5,1,0.22667716384181058
616620391,1719829568,37.44778,25.148645,32.9,263.6,1,0.22773018161481945
616620391,1719829570,37.44768,25.148265,32.9,0.0,1,0.1166592367648801
616620391,1719829572,37.44771,25.147883333333333,32.9,263.5,1,0.12345126887867724
616620391,1719829573,37.447676666666666,25.147501666666667,32.9,263.5,1,0.21066541703803893
616620391,1719829576,37.44764333333333,25.14712,32.9,263.6,1,0.21756833272965492
616620391,1719829577,37.44761333333334,25.14674,32.9,263.6,1,0.21052935107004395
616620391,1719829580,37.447581666666665,25.14636,32.9,263.7,1,0.21776352311615466
616620391,1719829582,37.44754833333333,25.145981666666668,32.800000000000004,263.7,1,0.2159394166894772
616620391,1719829584,37.447516666666665,25.145601666666668,32.800000000000004,263.7,1,0.22485848701391675
616620391,1719829586,37.44748,25.145221666666668,32.800000000000004,263.7,1,0.22498922653733777
616620391,1719829588,37.447253333333336,25.144841666666668,32.800000000000004,0.0,1,0.1154651263725468
616620391,1719829590,37.447253333333336,25.14446166666667,32.800000000000004,0.0,1,0.21471992971717363
616620391,1719829592,37.44738666666667,25.14408166666667,32.800000000000004,263.8,1,0.12079718743069973
616620391,1719829594,37.447355,25.14370333333333,32.800000000000004,263.8,1,0.22414562960821038
616620391,1719829595,37.44732,25.14332333333333,32.800000000000004,263.8,1,0.2087049327108375
616620391,1719829598,37.447285,25.14294333333333,32.800000000000004,263.7,1,0.21599611612297825
616620391,1719829600,37.44725,25.14256,32.9,263.6,1,0.21874169321820786
616620391,1719829602,37.44721666666667,25.142176666666668,32.9,263.6,1,0.22680722732437614
616620391,1719829604,37.44718833333334,25.141796666666668,32.9,263.7,1,0.2276004613415707
616620391,1719829608,37.44682666666667,25.14103833333333,32.800000000000004,0.0,1,0.0769091703763386
616620391,1719829610,37.44682666666667,25.14065666666667,32.9,0.0,1,0.20322789476679343
616620391,1719829612,37.44705,25.140275,32.9,263.6,1,0.12204517506684615
616620391,1719829614,37.447015,25.139893333333333,32.9,263.6,1,0.22680722732437614
616620391,1719829615,37.446985,25.139513333333333,32.9,263.7,1,0.21175397386100692
616620391,1719829618,37.44695166666666,25.139135,32.9,263.7,1,0.21577373819022494
616620391,1719829620,37.446918333333336,25.138756666666666,32.800000000000004,263.7,1,0.2159394166894772
616620391,1719829624,37.44685166666667,25.137995,32.800000000000004,263.7,1,0.1846928184025065
616620391,1719829626,37.446821666666665,25.137615,32.800000000000004,263.8,1,0.22528837422695303
616620391,1719829630,37.446755,25.13686,32.800000000000004,263.8,1,0.18455411160908924
616620391,1719829636,37.44665333333333,25.135716666666667,32.800000000000004,263.7,1,0.13912759218718396
616620391,1719829638,37.44663833333333,25.135525,32.800000000000004,263.7,1,0.20950608398182569
616620391,1719829640,37.44660666666667,25.135145,32.800000000000004,263.8,1,0.22528837422695303
616620391,1719829642,37.44655166666666,25.134576666666668,32.800000000000004,263.6,1,0.20902104074352645
616620391,1719829644,37.446533333333335,25.134385,32.800000000000004,263.6,1,0.20950608398182569
616620391,1719829648,37.4464,25.133425,33.0,0.0,1,0.0549278392442597
616620391,1719829650,37.44643,25.133233333333333,33.0,263.5,1,0.11193843675987208
616620391,1719829652,37.446398333333335,25.13285,33.0,263.6,1,0.22985409534256834
616620391,1719829654,37.44636666666667,25.13246833333333,33.0,263.7,1,0.22985409534256834
616620391,1719829658,37.446295,25.1317,33.1,263.6,1,0.18547505901523714
616620391,1719829660,37.44625833333333,25.13131333333333,33.1,263.5,1,0.23033003445171124
616620391,1719829662,37.446225,25.130926666666667,33.1,263.5,1,0.22923986086897258
616620391,1719829664,37.446178333333336,25.130351666666662,33.1,263.7,1,0.2114473700126307
616620391,1719829665,37.44614333333333,25.129971666666663,33.1,263.7,1,0.21282491290003724
616620391,1719829668,37.446108333333335,25.12958833333333,33.1,263.7,1,0.21851706837866158
616620391,1719829670,37.446068333333336,25.129203333333333,33.1,263.6,1,0.23033003445171124
616620391,1719829672,37.446035,25.128816666666665,33.1,263.6,1,0.22923986086897258
616620391,1719829674,37.446,25.12843,33.2,263.6,1,0.21856110122581324
616620391,1719829675,37.44596833333333,25.128043333333338,33.2,263.7,1,0.21403222322920634
616620391,1719829678,37.445933333333336,25.127658333333333,33.2,263.6,1,0.2201123624829675
616620391,1719829680,37.44589833333333,25.12727333333333,33.2,263.6,1,0.2290906197324945
616620391,1719829684,37.44583,25.126498333333338,33.300000000000004,263.6,1,0.18097842621258226
616620391,1719829686,37.445796666666666,25.12611,33.300000000000004,263.6,1,0.22816984814536817
616620391,1719829688,37.44576666666666,25.125721666666667,33.4,263.7,1,0.21950599504347063
616620391,1719829690,37.44574166666666,25.125333333333337,33.4,264.0,1,0.22672296963044292
616620391,1719829691,37.44571666666667,25.124946666666663,33.4,264.2,1,0.21270991009138684
616620391,1719829693,37.44569666666667,25.124561666666665,33.300000000000004,264.5,1,0.21632774548511308
616620391,1719829696,37.44567666666666,25.12418,33.300000000000004,264.8,1,0.2176089157728564
616620391,1719829698,37.445546666666665,25.123798333333333,33.2,0.0,1,0.10758845964890246
616620391,1719829700,37.44562833333333,25.123416666666667,33.1,265.0,1,0.11296975808263338
616620391,1719829702,37.44560333333333,25.123031666666662,33.1,265.0,1,0.22866363964480102
616620391,1719829704,37.44558,25.122645,33.1,265.1,1,0.22975562181491227
616620391,1719829706,37.445555,25.12226,33.2,265.2,1,0.21984595328128193
616620391,1719829708,37.44553166666667,25.121875,33.2,265.2,1,0.22851415091872873
616620391,1719829710,37.445508333333336,25.12148833333333,33.2,265.3,1,0.2297038812791969
616620391,1719829712,37.445485,25.121103333333338,33.2,265.3,1,0.22851415091872873
616620391,1719829714,37.44512,25.120718333333333,33.2,0.0,1,0.11830005450659337
616620391,1719829716,37.44544833333333,25.120335,33.1,265.6,1,0.11267801082040146
616620391,1719829718,37.44542666666667,25.119955,33.1,265.7,1,0.2294789137111849
616620391,1719829720,37.44540666666666,25.11957333333333,33.0,265.8,1,0.21947404757132655
616620391,1719829722,37.44538333333333,25.119191666666666,33.0,265.7,1,0.2291310040293203
616620391,1719829725,37.445346666666666,25.118615,33.0,265.6,1,0.20717208756980887
616620391,1719829728,37.44531833333333,25.11803833333333,33.0,265.7,1,0.20746646069444785
616620391,1719829730,37.44529833333333,25.117655,33.0,265.8,1,0.2291310040293203
616620391,1719829732,37.44512,25.117271666666667,33.0,0.0,1,0.122386560325351
616620391,1719829734,37.445256666666666,25.116891666666668,33.0,265.90000000000003,1,0.12532942288731963
616620391,1719829735,37.445245,25.1167,33.0,265.90000000000003,1,0.19773528866348578
616620391,1719829738,37.44522,25.116316666666663,33.0,265.7,1,0.2178984655553634
616620391,1719829740,37.445191666666666,25.11593166666667,33.0,265.5,1,0.22782792599840335
616620391,1719829742,37.44515166666667,25.115348333333333,33.1,265.40000000000003,1,0.20252446907692861
616620391,1719829744,37.44513,25.11496,33.2,265.40000000000003,1,0.21812530592639517
616620391,1719829746,37.44511,25.114576666666668,33.2,265.5,1,0.2297038812791969
616620391,1719829748,37.44469333333333,25.114193333333333,33.1,0.0,1,0.10250030032043661
616620391,1719829750,37.445065,25.11381,33.1,265.6,1,0.11710004239655908
616620391,1719829751,37.44505166666666,25.11361833333333,33.1,265.6,1,0.19870466435518164
616620391,1719829753,37.44503,25.113231666666668,33.1,265.6,1,0.22866363964480102
616620391,1719829756,37.44500333333333,25.112845,33.2,265.5,1,0.20990387892586648
616620391,1719829758,37.44498,25.112455,33.2,265.5,1,0.22810435471242663
616620391,1719829760,37.44496,25.11207,33.2,265.6,1,0.2297038812791969
616620391,1719829764,37.44490833333333,25.111105,33.2,265.8,1,0.1743305108951943
616620391,1719829766,37.44488666666667,25.11071833333333,33.2,265.8,1,0.228365936167982
616620391,1719829768,37.44486333333333,25.11033,33.2,265.8,1,0.228365936167982
616620391,1719829770,37.44484,25.109941666666668,33.300000000000004,265.7,1,0.21893049735577907
616620391,1719829772,37.44481833333333,25.10955333333333,33.300000000000004,265.8,1,0.22889656585671075
616620391,1719829776,37.44477666666667,25.108775,33.4,265.8,1,0.18089875589995574
616620391,1719829778,37.44475666666666,25.108385,33.4,265.90000000000003,1,0.229272370449909
616620391,1719829780,37.44469333333333,25.107996666666665,33.4,0.0,1,0.12292167009824462
616620391,1719829782,37.44471166666667,25.107606666666666,33.4,265.8,1,0.12653349297785116
616620391,1719829784,37.44469,25.107215,33.5,265.8,1,0.2156142628788854
616620391,1719829785,37.44467,25.106821666666665,33.5,265.90000000000003,1,0.21423489801996948
616620391,1719829790,37.444631666666666,25.106038333333338,33.6,266.0,1,0.1715224234634003
616620391,1719829792,37.44461166666667,25.10564833333333,33.6,266.1,1,0.2280078886401678
616620391,1719829794,37.44459,25.10525833333333,33.6,266.0,1,0.22830955397798586
616620391,1719829796,37.44426666666666,25.104865,33.6,0.0,1,0.12130774315561166
616620391,1719829798,37.44454,25.10447333333333,33.7,265.8,1,0.11002129186856163
616620391,1719829802,37.444495,25.103683333333333,33.800000000000004,265.8,1,0.1762880472017383
616620391,1719829804,37.444478333333336,25.103291666666667,33.800000000000004,265.90000000000003,1,0.22603868020916562
616620391,1719829806,37.44445833333333,25.102903333333337,33.7,266.0,1,0.21784092822077183
616620391,1719829808,37.444435,25.10251166666667,33.7,265.90000000000003,1,0.22749023561280013
616620391,1719829813,37.44437,25.10133,33.800000000000004,265.90000000000003,1,0.13769552900120668
616620391,1719829816,37.44435333333333,25.100936666666662,33.800000000000004,266.0,1,0.21510066801935945
616620391,1719829818,37.444335,25.100546666666663,33.800000000000004,266.1,1,0.22578552944301594
616620391,1719829820,37.444316666666666,25.100155,33.800000000000004,266.2,1,0.22573504783981907
616620391,1719829824,37.44426833333333,25.09936833333333,33.800000000000004,266.0,1,0.1869268311655508
616620391,1719829826,37.44424333333333,25.098973333333333,33.800000000000004,265.90000000000003,1,0.22573787931893274
616620391,1719829830,37.44384,25.098185,33.9,0.0,1,0.07293269859772078
616620391,1719829833,37.44417333333333,25.09759333333333,33.9,266.0,1,0.08719814059633646
616620391,1719829836,37.44414666666667,25.097,33.9,266.2,1,0.20166838659634684
616620391,1719829838,37.444138333333335,25.096803333333337,33.9,266.2,1,0.2068749156831482
616620391,1719829840,37.44411,25.09621,33.9,266.3,1,0.2072789692266357
616620391,1719829842,37.44409666666667,25.096011666666666,34.0,266.2,1,0.2003256067005289
616620391,1719829844,37.44406666666666,25.095416666666665,34.0,266.2,1,0.2036396631720298
616620391,1719829845,37.444055,25.095216666666666,34.0,266.2,1,0.1931801310142337
616620391,1719829848,37.444035,25.094818333333333,34.1,266.2,1,0.1955747835700805
616620391,1719829850,37.44401,25.09422333333333,34.1,266.3,1,0.20382551348425038
616620391,1719829851,37.444003333333335,25.094026666666668,34.1,266.40000000000003,1,0.1897823562647567
616620391,1719829854,37.443975,25.093436666666666,34.0,266.40000000000003,1,0.1870526438785573
616620391,1719829856,37.44396166666667,25.09324,34.0,266.3,1,0.20865088229755818
616620391,1719829858,37.443938333333335,25.092845,34.0,266.2,1,0.2238303210872548
616620391,1719829862,37.44384,25.091851666666667,34.1,0.0,1,0.06627716120801774
616620391,1719829864,37.44384,25.091456666666662,34.1,0.0,1,0.2128249541045305
616620391,1719829868,37.44383166666667,25.09067,34.0,266.3,1,0.06729865359298748
616620391,1719829870,37.44381166666667,25.090276666666668,34.0,266.3,1,0.22242259835158545
616620391,1719829871,37.44379,25.08988,34.0,266.3,1,0.20460418099568228
616620391,1719829874,37.44377166666666,25.089483333333337,34.0,266.3,1,0.20938630204235814
616620391,1719829876,37.44375333333333,25.089088333333333,34.0,266.3,1,0.2220489780950312
616620391,1719829878,37.44341333333333,25.08869333333333,34.0,0.0,1,0.11166210275069699
616620391,1719829880,37.44341333333333,25.08829833333333,34.0,0.0,1,0.2149188692177329
616620391,1719829882,37.44369666666667,25.087903333333333,34.0,266.40000000000003,1,0.11754548481190175
616620391,1719829884,37.44367666666667,25.08750833333333,34.0,266.3,1,0.2238303210872548
616620391,1719829886,37.44365666666667,25.08711333333333,34.0,266.40000000000003,1,0.2238303210872548
616620391,1719829888,37.443635,25.086716666666668,34.0,266.3,1,0.22350718918196288
616620391,1719829890,37.44361833333333,25.08632,34.0,266.3,1,0.22172421437752055
616620391,1719829892,37.443601666666666,25.085923333333337,34.0,266.40000000000003,1,0.22350718918196288
616620391,1719829894,37.44341333333333,25.08553,34.0,0.0,1,0.11444766760523667
616620391,1719829896,37.44341333333333,25.085138333333333,34.0,0.0,1,0.21514356018747777
616620391,1719829898,37.44355,25.084745,33.9,266.6,1,0.10093316891306575
616620391,1719829900,37.44353,25.084351666666667,33.9,266.5,1,0.2233172757180265
616620391,1719829902,37.44351,25.08395833333333,33.9,266.5,1,0.22190750552112842
616620391,1719829904,37.44349166666667,25.083563333333338,33.9,266.5,1,0.22153334185288515
616620391,1719829905,37.443475,25.083168333333333,33.9,266.5,1,0.2049446132911154
616620391,1719829908,37.44345666666667,25.082775,33.9,266.6,1,0.21130416533087204
616620391,1719829910,37.44341333333333,25.082381666666667,33.9,0.0,1,0.11396144738579583
616620391,1719829911,37.443423333333335,25.08198833333333,33.9,266.6,1,0.0933289535688171
616620391,1719829916,37.443378333333335,25.081196666666667,33.9,266.40000000000003,1,0.1724678607680526
616620391,1719829918,37.443358333333336,25.080801666666662,34.0,266.40000000000003,1,0.21081191771599983
616620391,1719829922,37.44332333333333,25.08000833333333,34.0,266.40000000000003,1,0.17916682507523862
616620391,1719829924,37.443305,25.07961166666667,34.0,266.40000000000003,1,0.22172421437752055
616620391,1719829926,37.44298666666667,25.079215,34.0,0.0,1,0.11263225038860919
616620391,1719829928,37.44298666666667,25.07882,34.0,0.0,1,0.2149188692177329
616620391,1719829930,37.44298666666667,25.078426666666665,34.0,0.0,1,0.2149188692177329
616620391,1719829931,37.44323833333333,25.07823,34.0,266.40000000000003,1,0.09403970530760059
616620391,1719829934,37.443205,25.077636666666667,34.0,266.3,1,0.20071619837764154
616620391,1719829936,37.44318833333333,25.077241666666666,34.0,266.3,1,0.2220489780950312
616620391,1719829938,37.44318333333333,25.07704333333333,34.0,266.3,1,0.2085176174305301
616620391,1719829940,37.44315666666667,25.07645,34.0,266.40000000000003,1,0.20688474834097237
616620391,1719829942,37.443151666666665,25.076253333333337,34.0,266.5,1,0.20865088229755818
616620391,1719829944,37.44298666666667,25.07586333333333,33.9,0.0,1,0.1024010687704931
616620391,1719829946,37.44298666666667,25.075275,33.9,0.0,1,0.20103214562839183
616620391,1719829948,37.44308166666666,25.074881666666663,33.9,266.3,1,0.11914559962423149
616620391,1719829950,37.44307166666667,25.074685,33.9,266.3,1,0.2068749156831482
616620391,1719829952,37.44303333333333,25.074091666666668,33.9,266.0,1,0.20470109641940643
616620391,1719829953,37.44302166666667,25.07389166666667,33.9,266.0,1,0.19390356449075596
616620391,1719829956,37.443005,25.073496666666667,34.0,266.1,1,0.20106713929464876
616620391,1719829958,37.44298333333333,25.0731,34.0,266.1,1,0.22172421437752055
616620391,1719829960,37.44296333333333,25.072701666666667,34.0,266.1,1,0.22160415137371314
616620391,1719829962,37.44294166666667,25.072108333333333,34.0,266.40000000000003,1,0.2048220505148074
616620391,1719829964,37.442926666666665,25.07171333333333,34.0,266.5,1,0.2238303210872548
616620391,1719829965,37.44291666666667,25.07132,34.0,266.7,1,0.20537337528265365
616620391,1719829968,37.44289666666667,25.07093,33.9,266.7,1,0.19864234922369217
616620391,1719829969,37.442875,25.07053833333333,33.9,266.6,1,0.20536593441482615
616620391,1719829971,37.44285,25.070146666666663,33.9,266.40000000000003,1,0.22298301734370052
616620391,1719829974,37.442825,25.06975333333333,33.9,266.3,1,0.21206287201352264
616620391,1719829978,37.44256,25.068966666666668,33.9,0.0,1,0.07891475232990974
616620391,1719829980,37.442775,25.068575,33.800000000000004,266.5,1,0.10430348966424269
616620391,1719829982,37.44276166666667,25.068186666666666,33.800000000000004,266.7,1,0.22351802103424734
616620391,1719829984,37.442745,25.067796666666663,33.7,266.8,1,0.2161883669991687
616620391,1719829986,37.442725,25.067406666666667,33.7,266.7,1,0.2263047995940125
616620391,1719829988,37.442708333333336,25.06701333333333,33.7,266.7,1,0.22460828624032098
616620391,1719829990,37.44269166666667,25.06662,33.7,266.7,1,0.22460828624032098
616620391,1719829994,37.44256,25.06583833333333,33.7,0.0,1,0.08640831344900002
616620391,1719829996,37.44256,25.065451666666668,33.6,0.0,1,0.20298906130922328
616620391,1719829998,37.44262333333333,25.065061666666665,33.6,266.8,1,0.12110924870369388
616620391,1719830000,37.4426,25.06467,33.6,266.6,1,0.22497195932788056
616620391,1719830002,37.44257833333333,25.064278333333338,33.6,266.5,1,0.22759073944778818
616620391,1719830004,37.44255833333333,25.063885,33.7,266.40000000000003,1,0.2169270013322091
616620391,1719830006,37.44254,25.063491666666668,33.7,266.5,1,0.2275076238664775
616620391,1719830008,37.44252333333333,25.063098333333333,33.7,266.6,1,0.22620656733460598
616620391,1719830010,37.44213333333333,25.062706666666667,33.7,0.0,1,0.11298059509883379
616620391,1719830012,37.44213333333333,25.062315,33.7,0.0,1,0.21633254944956548
616620391,1719830013,37.442475,25.061925,33.7,266.7,1,0.09030603491489331
616620391,1719830016,37.442455,25.061531666666667,33.7,266.7,1,0.2126826222884589
616620391,1719830018,37.44244,25.06113833333333,33.7,266.7,1,0.22460828624032098
616620391,1719830020,37.44242666666667,25.060745,33.7,266.8,1,0.22620656733460598
616620391,1719830022,37.44241333333333,25.06035333333333,33.7,266.90000000000003,1,0.22523203044707346
616620391,1719830024,37.442405,25.059966666666668,33.6,267.1,1,0.2138431698370789
616620391,1719830026,37.44213333333333,25.05977333333333,33.6,0.0,1,0.12031069893911095
616620391,1719830028,37.44213333333333,25.05919,33.6,0.0,1,0.20320501046859563
616620391,1719830029,37.44236166666666,25.058995,33.6,267.0,1,0.09335771273957161
616620391,1719830031,37.44234333333333,25.058603333333338,33.6,266.90000000000003,1,0.22563716460162714
616620391,1719830034,37.44232,25.05801333333333,33.6,266.90000000000003,1,0.2018474630872351
616620391,1719830038,37.44228833333333,25.05722833333333,33.6,266.90000000000003,1,0.18498061906461316
616620391,1719830040,37.44228,25.057033333333333,33.6,266.90000000000003,1,0.2089398401360208
616620391,1719830042,37.442258333333335,25.056441666666668,33.7,267.0,1,0.19784758810369246
616620391,1719830044,37.44213333333333,25.05605,33.7,0.0,1,0.119194185672855
616620391,1719830046,37.44224166666667,25.055855,33.7,267.2,1,0.10815638048141185
616620391,1719830048,37.44221,25.05527,33.7,267.0,1,0.2080954960486655
616620391,1719830050,37.44220333333333,25.055073333333333,33.6,267.0,1,0.1997757242403561
616620391,1719830054,37.442168333333335,25.054286666666663,33.7,266.90000000000003,1,0.17908989320541235
616620391,1719830056,37.44215166666667,25.053698333333333,33.7,267.1,1,0.2080954960486655
616620391,1719830060,37.44170666666667,25.053111666666663,33.7,0.0,1,0.08734259025028684
616620391,1719830064,37.442078333333335,25.052131666666668,33.7,266.7,1,0.05466829668525808
616620391,1719830067,37.44204,25.051341666666666,33.800000000000004,266.6,1,0.18237502860348542
616620391,1719830070,37.442031666666665,25.05095333333333,33.7,266.8,1,0.2039037688715154
616620391,1719830073,37.441995,25.05018,33.6,266.7,1,0.18602060484754412
616620391,1719830078,37.441948333333336,25.049401666666668,33.6,266.40000000000003,1,0.1776479047826815
616620391,1719830080,37.441921666666666,25.04901,33.6,266.2,1,0.22659819685466404
616620391,1719830082,37.441901666666666,25.04862,33.6,266.1,1,0.2280078886401678
616620391,1719830084,37.441876666666666,25.048228333333338,33.6,266.0,1,0.22821188395036968
616620391,1719830085,37.44185333333333,25.047835,33.6,265.90000000000003,1,0.21307560435980183
616620391,1719830088,37.44182833333333,25.047443333333337,33.7,265.8,1,0.20718398949643102
616620391,1719830092,37.44170666666667,25.046658333333333,33.7,0.0,1,0.08723670835115521
616620391,1719830094,37.44170666666667,25.046265,33.7,0.0,1,0.21610859764381868
616620391,1719830095,37.441725,25.04586833333333,33.800000000000004,265.5,1,0.08527393583681359
616620391,1719830098,37.441703333333336,25.045471666666668,33.9,265.5,1,0.1999095719454161
616620391,1719830102,37.441653333333335,25.04468,33.9,265.5,1,0.18079928741765738
616620391,1719830104,37.44162833333333,25.044285,34.0,265.5,1,0.21119320808708758
616620391,1719830106,37.44160333333333,25.04388833333333,34.0,265.5,1,0.22226567726954077
616620391,1719830108,37.441585,25.043491666666668,34.0,265.6,1,0.2241474829657808
616620391,1719830112,37.441535,25.0427,34.0,265.6,1,0.1792704464835484
616620391,1719830114,37.44151,25.042305,34.0,265.5,1,0.2241474829657808
616620391,1719830116,37.44148166666667,25.04191,34.0,265.40000000000003,1,0.2241474829657808
616620391,1719830118,37.44145,25.04151333333333,34.1,265.2,1,0.20974165500087016
616620391,1719830120,37.44142333333333,25.041115,34.1,265.2,1,0.22018395405441543
616620391,1719830122,37.4414,25.040715,34.2,265.2,1,0.20253970569066587
616620391,1719830124,37.44128,25.04032,34.1,0.0,1,0.09861279477795953
616620391,1719830126,37.44128,25.03992833333333,34.1,0.0,1,0.21292794839111112
616620391,1719830127,37.44134,25.039536666666667,34.0,265.6,1,0.08298994187738251
616620391,1719830130,37.441315,25.03914333333333,34.0,265.6,1,0.21005220445944267
616620391,1719830132,37.441285,25.03875,34.0,265.40000000000003,1,0.2241368612502887
616620391,1719830133,37.441271666666665,25.038553333333333,34.0,265.3,1,0.1931314342701364
616620391,1719830136,37.441226666666665,25.03796,34.0,265.2,1,0.20054969769558328
616620391,1719830140,37.44119666666667,25.037365,34.0,265.3,1,0.19392451745932804
616620391,1719830142,37.44085333333334,25.036781666666663,33.9,0.0,1,0.0897318588402467
616620391,1719830144,37.44115333333333,25.03639666666667,33.800000000000004,265.8,1,0.10693265318552309
616620391,1719830145,37.44114,25.036205,33.7,265.8,1,0.18588846136574244
616620391,1719830148,37.441105,25.035621666666668,33.6,265.7,1,0.197322782193803
616620391,1719830151,37.44106833333333,25.035036666666667,33.6,265.6,1,0.20727753121108572
616620391,1719830154,37.441046666666665,25.034645,33.6,265.7,1,0.21763039564698355
616620391,1719830158,37.44099666666666,25.03367666666667,33.6,265.90000000000003,1,0.1735897779179073
616620391,1719830160,37.44085333333334,25.033481666666667,33.6,0.0,1,0.1136322358055179
616620391,1719830162,37.440963333333336,25.033093333333333,33.6,265.90000000000003,1,0.12557908938686113
616620391,1719830164,37.44092833333333,25.032505,33.6,265.8,1,0.21167886640919675
616620391,1719830166,37.44090666666666,25.03211333333333,33.6,265.8,1,0.22648553267826504
616620391,1719830168,37.44088333333333,25.031721666666662,33.6,265.8,1,0.22648553267826504
616620391,1719830170,37.44085666666667,25.03133,33.7,265.7,1,0.21758132236965738
616620391,1719830172,37.44083666666667,25.03093833333333,33.7,265.7,1,0.2265003312968884
616620391,1719830174,37.44042666666667,25.030543333333338,33.7,0.0,1,0.11226347914479945
616620391,1719830176,37.44042666666667,25.03015,33.800000000000004,0.0,1,0.20062069869361032
616620391,1719830178,37.44077333333333,25.029756666666668,33.800000000000004,265.8,1,0.11732504181242842
616620391,1719830180,37.44075,25.029366666666668,33.7,265.90000000000003,1,0.21751146715130276
616620391,1719830187,37.44066166666666,25.027801666666665,33.7,265.8,1,0.10923662261895484
616620391,1719830190,37.44042666666667,25.027415,33.6,0.0,1,0.09512723364517978
616620391,1719830192,37.44042666666667,25.027031666666662,33.5,0.0,1,0.20317626308916892
616620391,1719830194,37.44059833333333,25.026645,33.5,265.90000000000003,1,0.12643193402138975
616620391,1719830196,37.44057,25.02625833333333,33.5,265.7,1,0.22802773223205358
616620391,1719830198,37.440545,25.025866666666666,33.5,265.6,1,0.22941760776885128
616620391,1719830200,37.44052,25.02547833333333,33.5,265.5,1,0.2299230771140126
616620391,1719830202,37.44049666666667,25.02509,33.5,265.6,1,0.2299230771140126
616620391,1719830204,37.440475,25.024701666666665,33.5,265.6,1,0.2283417498079911
616620391,1719830206,37.44042666666667,25.024311666666662,33.5,0.0,1,0.12343171122996272
616620391,1719830208,37.44,25.02392,33.5,0.0,1,0.19904304105293225
616620391,1719830210,37.440401666666666,25.02352833333333,33.6,265.5,1,0.09993005240796504
616620391,1719830212,37.440378333333335,25.02313833333333,33.6,265.5,1,0.2270528399861403
616620391,1719830214,37.44036,25.02274833333333,33.6,265.7,1,0.2272323842561776
616620391,1719830215,37.44033833333334,25.022356666666667,33.6,265.7,1,0.21173346646511437
616620391,1719830218,37.44031666666667,25.021965,33.6,265.7,1,0.21513141647760392
616620391,1719830222,37.44027666666667,25.02118,33.6,265.90000000000003,1,0.18975205560087943
616620391,1719830224,37.44,25.02079,33.6,0.0,1,0.12123510223551187
616620391,1719830226,37.44023666666666,25.0204,33.6,266.0,1,0.12398467086347043
616620391,1719830228,37.440215,25.020008333333333,33.6,266.0,1,0.22630217672914077
616620391,1719830232,37.44018,25.01922833333333,33.6,266.2,1,0.19106439953727905
616620391,1719830234,37.440158333333336,25.018841666666667,33.5,266.1,1,0.21787986815863802
616620391,1719830235,37.440145,25.01865,33.5,266.1,1,0.1989228266718968
616620391,1719830238,37.440095,25.01806833333333,33.5,265.6,1,0.20115219169897142
616620391,1719830240,37.44007,25.017676666666667,33.5,265.5,1,0.22941760776885128
616620391,1719830242,37.44005666666666,25.01748,33.5,265.40000000000003,1,0.21501762172155064
616620391,1719830244,37.44003333333333,25.017088333333337,33.6,265.40000000000003,1,0.21574605083415221
616620391,1719830247,37.439995,25.016315,33.5,265.7,1,0.1861758980119037
616620391,1719830250,37.43997,25.01592833333333,33.5,265.6,1,0.21976713962784167
616620391,1719830252,37.43994666666666,25.015536666666662,33.5,265.7,1,0.22895162868864288
616620391,1719830254,37.43991833333333,25.01495333333333,33.5,265.8,1,0.21298757418247594
616620391,1719830256,37.4399,25.014566666666667,33.5,265.90000000000003,1,0.2295938294633988
616620391,1719830258,37.43989333333333,25.01437333333333,33.4,266.0,1,0.20383708642178444
616620391,1719830260,37.43987166666667,25.013986666666668,33.4,266.1,1,0.22938031550683013
616620391,1719830264,37.43983166666667,25.01320833333333,33.4,266.1,1,0.18959476424839866
616620391,1719830266,37.43980333333333,25.012623333333337,33.5,266.1,1,0.1979560891898905
616620391,1719830268,37.439785,25.01223166666667,33.5,266.2,1,0.22888439768478824
616620391,1719830270,37.43976666666666,25.011841666666665,33.5,266.2,1,0.22734858884683268
616620391,1719830272,37.43975,25.011451666666662,33.5,266.3,1,0.2290336425099248
616620391,1719830274,37.439573333333335,25.011065,33.5,0.0,1,0.12485597614713317
616620391,1719830275,37.43971666666667,25.010676666666665,33.4,266.5,1,0.08568394661968676
616620391,1719830277,37.43969166666667,25.010286666666666,33.5,266.3,1,0.21551932370776677
616620391,1719830280,37.43967333333333,25.009896666666663,33.5,266.3,1,0.21625833597797395
616620391,1719830282,37.43965166666667,25.009506666666667,33.5,266.2,1,0.22888439768478824
616620391,1719830284,37.43962666666667,25.009116666666667,33.5,266.1,1,0.22888439768478824
616620391,1719830286,37.43960666666667,25.00872333333333,33.5,266.1,1,0.2272003785589693
616620391,1719830287,37.439573333333335,25.008331666666667,33.6,0.0,1,0.08487366652354639
616620391,1719830294,37.43952,25.007156666666667,33.6,266.0,1,0.029873264938854893
616620391,1719830295,37.43949333333333,25.006761666666662,33.7,265.90000000000003,1,0.20100360605502782
616620391,1719830298,37.43947,25.00636833333333,33.7,265.8,1,0.21721601814581337
616620391,1719830300,37.43944833333333,25.005975,33.800000000000004,265.8,1,0.21373360851372936
616620391,1719830302,37.43942666666667,25.00558,33.800000000000004,265.90000000000003,1,0.2259403733167869
616620391,1719830304,37.43940833333333,25.005188333333333,33.800000000000004,266.0,1,0.22603868020916562
616620391,1719830306,37.439146666666666,25.004796666666667,33.800000000000004,0.0,1,0.11719418523278585
616620391,1719830307,37.43936833333333,25.004401666666663,33.800000000000004,266.0,1,0.0963586905746282
616620391,1719830310,37.439346666666665,25.00401,33.800000000000004,266.0,1,0.21268612831317024
616620391,1719830312,37.439328333333336,25.00361833333333,33.800000000000004,266.1,1,0.22573504783981907
616620391,1719830314,37.439303333333335,25.003226666666663,33.7,266.0,1,0.2169270013322091
616620391,1719830316,37.43927833333333,25.002835,33.800000000000004,265.90000000000003,1,0.21535205935709523
616620391,1719830318,37.43925333333333,25.00244,33.800000000000004,265.8,1,0.22592153066085585
616620391,1719830320,37.43922833333333,25.00204833333333,33.800000000000004,265.7,1,0.22612391865916498
616620391,1719830322,37.43921,25.001653333333337,33.800000000000004,265.8,1,0.22612391865916498
616620391,1719830324,37.439146666666666,25.001261666666668,33.800000000000004,0.0,1,0.11698705991702035
616620391,1719830326,37.439173333333336,25.00087,33.800000000000004,266.0,1,0.12191190152439318
616620391,1719830328,37.43915,25.000481666666666,33.7,266.0,1,0.2159406110581965
616620391,1719830330,37.439135,25.000091666666663,33.7,266.2,1,0.22644276532535557
616620391,1719830332,37.43911333333333,24.999703333333333,33.6,266.2,1,0.21607932763097487
616620391,1719830334,37.43908833333333,24.999315,33.6,266.0,1,0.22741021570478248
616620391,1719830335,37.43908166666667,24.99912,33.6,266.1,1,0.1984449748716685
616620391,1719830337,37.43872,24.998726666666663,33.6,0.0,1,0.11923301337331887
616620391,1719830342,37.43872,24.997755,33.6,0.0,1,0.1651411489960155
616620391,1719830344,37.439,24.997368333333338,33.5,266.3,1,0.11020837075727608
616620391,1719830346,37.438985,24.997175,33.5,266.3,1,0.2129342516531459
616620391,1719830347,37.43895333333333,24.99678833333333,33.5,265.90000000000003,1,0.2099503641866245
616620391,1719830350,37.43891833333333,24.996203333333337,33.5,265.8,1,0.20796124466106253
616620391,1719830352,37.438895,24.99581166666667,33.5,265.8,1,0.2273658698778251
616620391,1719830354,37.43888,24.995425,33.5,265.90000000000003,1,0.2295938294633988
616620391,1719830356,37.43872,24.995231666666665,33.5,0.0,1,0.11572650871510176
616620391,1719830358,37.43872,24.99485,33.4,0.0,1,0.2028159680706511
616620391,1719830360,37.43883,24.994466666666668,33.300000000000004,266.0,1,0.11392817501622016
616620391,1719830362,37.438815,24.99408,33.300000000000004,266.2,1,0.22606666657452174
616620391,1719830364,37.43879333333334,24.993696666666665,33.300000000000004,266.2,1,0.2263277576275851
616620391,1719830366,37.43877833333333,24.993315,33.2,266.2,1,0.21628069695663998
616620391,1719830367,37.43875666666667,24.992933333333333,33.1,266.2,1,0.19969773865217744
616620391,1719830370,37.438721666666666,24.99235833333333,33.1,266.0,1,0.2069486767061145
616620391,1719830372,37.438703333333336,24.991971666666668,33.1,266.1,1,0.22864128541371376
616620391,1719830374,37.43868333333333,24.991588333333333,33.1,266.1,1,0.22754579466002522
616620391,1719830378,37.43865,24.990831666666665,32.9,266.1,1,0.1562033023997162
616620391,1719830380,37.438631666666666,24.990451666666665,32.9,266.0,1,0.2265886977745144
616620391,1719830382,37.43861166666667,24.99007,32.9,266.0,1,0.22579316395810478
616620391,1719830384,37.43859666666667,24.989686666666667,32.9,266.1,1,0.22592774270970623
616620391,1719830386,37.43857833333333,24.989305,32.9,266.1,1,0.22500001959007598
616620391,1719830388,37.438563333333335,24.98893,32.800000000000004,266.2,1,0.21612665422635935
616620391,1719830390,37.438545,24.988551666666662,32.800000000000004,266.2,1,0.22286253254017235
616620391,1719830394,37.43829333333333,24.987791666666663,32.800000000000004,0.0,1,0.08433920165800429
616620391,1719830395,37.43848166666667,24.98740833333333,32.800000000000004,266.1,1,0.09782161631148634
616620391,1719830397,37.43846333333333,24.98702833333333,32.800000000000004,266.1,1,0.2237625932695333
616620391,1719830400,37.438445,24.986646666666665,32.800000000000004,266.1,1,0.21286679182793922
616620391,1719830402,37.43841833333333,24.98626833333333,32.800000000000004,266.0,1,0.22569993505191888
616620391,1719830404,37.43839833333333,24.985883333333337,32.800000000000004,266.0,1,0.22468938028553925
616620391,1719830406,37.43837,24.9855,32.800000000000004,265.8,1,0.2239357741213832
616620391,1719830408,37.43829333333333,24.985115,32.9,0.0,1,0.10829723528794333
616620391,1719830410,37.43829333333333,24.98473,32.9,0.0,1,0.21616813246558836
616620391,1719830414,37.438295,24.983966666666667,32.9,266.0,1,0.0800830276327455
616620391,1719830415,37.438273333333335,24.983588333333337,32.800000000000004,266.0,1,0.19864865372787371
616620391,1719830420,37.43821333333333,24.982825,32.9,265.5,1,0.1674566559702118
616620391,1719830422,37.438185,24.98244,32.9,265.40000000000003,1,0.2270507699112017
616620391,1719830424,37.438155,24.982055,32.9,265.2,1,0.22559049384339608
616620391,1719830426,37.437866666666665,24.98167,33.0,0.0,1,0.10591540878766115
616620391,1719830427,37.438105,24.98128833333333,33.0,265.2,1,0.10094786634150948
616620391,1719830430,37.43808666666666,24.98090833333333,32.9,265.3,1,0.2077703935818231
616620391,1719830432,37.43806,24.98052833333333,32.9,265.3,1,0.2259957012605721
616620391,1719830434,37.43803333333334,24.980145,32.9,265.3,1,0.22612601805727206
616620391,1719830436,37.438015,24.97976333333333,32.9,265.40000000000003,1,0.2270507699112017
616620391,1719830438,37.43800333333333,24.979571666666665,32.9,265.40000000000003,1,0.21090121001261908
616620391,1719830440,37.43797166666667,24.97900333333333,32.800000000000004,265.5,1,0.20239799150796117
616620391,1719830444,37.437866666666665,24.978435,32.800000000000004,0.0,1,0.09386261677861674
616620391,1719830446,37.437893333333335,24.977861666666666,32.800000000000004,265.3,1,0.11978862505590865
616620391,1719830448,37.437865,24.977476666666668,32.9,265.2,1,0.21820288301932877
616620391,1719830450,37.43784166666666,24.977091666666663,32.9,265.2,1,0.22612601805727206
616620391,1719830452,37.43781666666667,24.976706666666665,33.0,265.3,1,0.21977181303721066
616620391,1719830455,37.437785,24.976135,32.9,265.5,1,0.19617236947693506
616620391,1719830457,37.43744,24.975755,32.9,0.0,1,0.11700355696117709
616620391,1719830460,37.43771666666667,24.975181666666668,32.9,265.40000000000003,1,0.09607495826218876
616620391,1719830461,37.43770333333333,24.97499,32.9,265.40000000000003,1,0.19695979245827389
616620391,1719830464,37.43767666666667,24.974605,32.9,265.40000000000003,1,0.21520541761363648
616620391,1719830466,37.43763833333333,24.974025,33.0,265.40000000000003,1,0.19882023721610492
616620391,1719830467,37.43763,24.97383,33.0,265.5,1,0.1995223957410029
616620391,1719830470,37.43761333333333,24.973445,33.1,265.7,1,0.2091410902282856
616620391,1719830472,37.437601666666666,24.972871666666663,33.0,266.40000000000003,1,0.19416950596272708
616620391,1719830474,37.43758833333333,24.97249,33.0,266.6,1,0.2243765630313289
616620391,1719830476,37.43744,24.972106666666665,32.9,0.0,1,0.10815259467566557
616620391,1719830478,37.43757333333333,24.97172833333333,32.9,267.2,1,0.11829383432545504
616620391,1719830480,37.437575,24.971353333333333,32.800000000000004,267.7,1,0.20659050341320706
616620391,1719830482,37.437576666666665,24.970985,32.6,268.1,1,0.18165239685718965
616620391,1719830484,37.437595,24.970625,32.300000000000004,268.90000000000003,1,0.15093387991885449
616620391,1719830486,37.43761333333333,24.97028,31.9,269.7,1,0.12791643396413538
616620391,1719830488,37.43763166666667,24.969945,31.3,270.3,1,0.09522526464702025
616620391,1719830490,37.437645,24.969616666666667,30.8,270.8,1,0.10194368703905282
616620391,1719830492,37.43765833333333,24.969296666666665,30.3,271.1,1,0.10461833166579132
616620391,1719830494,37.43744,24.96897833333333,29.8,0.0,1,0.02856084289149674
616620391,1719830498,37.437666666666665,24.96834833333333,28.9,270.90000000000003,-1,-0.034022629624759326
616620391,1719830500,37.437665,24.96804,28.5,270.6,1,0.1258526421075522
616620391,1719830502,37.43766166666666,24.967735,28.1,270.40000000000003,1,0.12753526053440617
616620391,1719830504,37.437645,24.967436666666668,27.700000000000003,269.8,1,0.12480650634065621
616620391,1719830506,37.43763166666667,24.967135,27.3,269.3,1,0.1260925906794707
616620391,1719830508,37.43761,24.96683833333333,27.0,268.5,1,0.14022622853320327
616620391,1719830510,37.43759,24.966541666666668,26.8,267.90000000000003,1,0.16016301912398506
616620391,1719830512,37.43744,24.966246666666667,26.5,0.0,1,0.04966323485985369
616620391,1719830514,37.43754333333333,24.965958333333333,26.3,266.8,1,0.06376826457183737
616620391,1719830516,37.43752333333333,24.965671666666665,26.0,266.40000000000003,1,0.14426021630118435
616620391,1719830517,37.43749833333333,24.96539,25.700000000000003,266.0,1,0.13012495045815187
616620391,1719830520,37.437475,24.965111666666665,25.5,265.6,1,0.15094170772056198
616620391,1719830521,37.43745333333333,24.96483333333333,25.200000000000003,265.40000000000003,1,0.12734541963821489
616620391,1719830524,37.43743,24.96456,24.9,265.2,1,0.13346035105531034
616620391,1719830526,37.43740666666667,24.964286666666663,24.700000000000003,264.90000000000003,1,0.15708927519342547
616620391,1719830528,37.43701333333333,24.964016666666662,24.5,0.0,1,0.05223593312837671
616620391,1719830530,37.43701333333333,24.963746666666665,24.3,0.0,1,0.15207565886981456
616620391,1719830532,37.43733666666667,24.96348,24.0,264.40000000000003,1,0.04088441106355667
616620391,1719830534,37.437306666666665,24.963218333333337,23.8,264.0,1,0.15591188257992156
616620391,1719830536,37.43727833333333,24.962956666666667,23.6,263.7,1,0.15684393753084086
616620391,1719830538,37.437245,24.962691666666668,23.5,263.2,1,0.17079761118852888
616620391,1719830540,37.43720666666667,24.96242833333333,23.4,262.7,1,0.1709230952103467
616620391,1719830542,37.43716833333333,24.962165,23.3,262.1,1,0.16879684257083766
616620391,1719830544,37.43701333333333,24.961898333333338,23.3,0.0,1,0.06609347634126583
616620391,1719830546,37.43701333333333,24.96163333333333,23.3,0.0,1,0.1672073251415857
616620391,1719830548,37.43707166666667,24.9615,23.3,261.1,1,0.05605915752155988
616620391,1719830552,37.43697333333333,24.960836666666665,23.200000000000003,260.5,1,0.13217394778507308
616620391,1719830554,37.436933333333336,24.960571666666667,23.200000000000003,260.3,1,0.17137280684206124
616620391,1719830556,37.43689166666667,24.960306666666668,23.200000000000003,260.0,1,0.17163004011384897
616620391,1719830558,37.43687,24.960176666666666,23.200000000000003,259.8,1,0.16419730712218633
616620391,1719830560,37.43682666666667,24.959913333333333,23.1,259.5,1,0.17079641446629606
616620391,1719830564,37.43673666666667,24.959396666666667,23.0,258.90000000000003,1,0.1427787462673889
616620391,1719830566,37.43669333333333,24.959146666666665,22.8,258.7,1,0.1578099187060909
616620391,1719830568,37.43662666666667,24.958773333333333,22.6,258.3,1,0.1545665222891892
616620391,1719830570,37.43657666666667,24.958528333333337,22.4,257.90000000000003,1,0.15892533225698263
616620391,1719830572,37.43653166666667,24.958283333333338,22.3,257.7,1,0.17287389247337742
616620391,1719830574,37.436485,24.95804,22.1,257.5,1,0.15736255358975793
616620391,1719830576,37.436438333333335,24.957798333333333,22.0,257.3,1,0.16983333500098963
616620391,1719830578,37.43616,24.957553333333333,21.9,0.0,1,0.049755647767431355
616620391,1719830580,37.43616,24.957311666666666,21.8,0.0,1,0.158597242610181
616620391,1719830581,37.4363,24.95706833333333,21.8,256.90000000000003,1,0.03440318376051765
616620391,1719830584,37.436256666666665,24.956825,21.700000000000003,256.90000000000003,1,0.16025561071193262
616620391,1719830586,37.436211666666665,24.95658333333333,21.6,256.90000000000003,1,0.16918202331878446
616620391,1719830587,37.43617,24.956341666666667,21.5,257.0,1,0.15645877237951578
616620391,1719830590,37.436128333333336,24.956101666666665,21.5,257.1,1,0.16268247970732153
616620391,1719830594,37.43604,24.955621666666666,21.4,257.0,1,0.14621016144193555
616620391,1719830596,37.43573333333333,24.95538,21.3,0.0,1,0.04640344107038541
616620391,1719830598,37.43595333333333,24.955138333333338,21.3,257.1,1,0.051182539486033796
616620391,1719830600,37.43591166666667,24.954903333333338,21.200000000000003,257.1,1,0.16609101757612754
616620391,1719830602,37.435875,24.954666666666668,21.1,257.3,1,0.166693915104268
616620391,1719830604,37.435831666666665,24.95444,21.0,257.2,1,0.16710968130351378
616620391,1719830606,37.435795,24.954211666666662,20.8,257.40000000000003,1,0.1531899228576536
616620391,1719830608,37.43575333333333,24.953986666666665,20.6,257.3,1,0.1538260323122087
616620391,1719830610,37.43571,24.95376333333333,20.4,257.1,1,0.1539986688746408
616620391,1719830612,37.43567333333333,24.95353833333333,20.3,257.2,1,0.1647282187629313
616620391,1719830614,37.43530666666667,24.953316666666662,20.200000000000003,0.0,1,0.04355278312461042
616620391,1719830618,37.435561666666665,24.952875,19.9,257.6,1,0.009537772485366913
616620391,1719830620,37.43552666666667,24.95265833333333,19.700000000000003,257.7,1,0.15247832580845327
616620391,1719830622,37.43549333333333,24.95244,19.6,257.90000000000003,1,0.16156796257001832
616620391,1719830624,37.43545666666667,24.952225,19.5,257.90000000000003,1,0.16089111768267383
616620391,1719830626,37.43542333333333,24.95200833333333,19.4,258.0,1,0.16157815001081477
616620391,1719830628,37.435388333333336,24.951791666666665,19.3,258.2,1,0.15971099910978226
616620391,1719830630,37.43530666666667,24.951576666666668,19.200000000000003,0.0,1,0.05016606120231182
616620391,1719830634,37.43529333333333,24.951146666666663,19.1,258.7,1,0.033948670667173775
616620391,1719830637,37.43524666666666,24.950825,19.0,258.8,1,0.15178726601696896
616620391,1719830640,37.435205,24.95050833333333,18.8,259.2,1,0.14204013513029462
616620391,1719830641,37.43519333333333,24.950403333333337,18.8,259.40000000000003,1,0.13688676252215481
616620391,1719830644,37.43516,24.95009333333333,18.6,260.0,1,0.1427550614341872
616620391,1719830648,37.43488,24.94969,18.2,0.0,1,0.00020077644120586324
616620391,1719830650,37.435115,24.949591666666667,18.1,261.3,1,0.04711446562002286
616620391,1719830652,37.435098333333336,24.949295,17.8,262.2,1,0.13497035848902073
616620391,1719830654,37.43508333333333,24.9491,17.6,262.6,1,0.14393688499854407
616620391,1719830656,37.43507666666667,24.949001666666668,17.6,262.8,1,0.1436855395997318
616620391,1719830658,37.43507,24.94880833333333,17.400000000000002,263.5,1,0.1432182702828877
616620391,1719830660,37.43506166666667,24.94861833333333,17.2,264.1,1,0.1412851233245957
616620391,1719830662,37.43505833333333,24.94833833333333,16.900000000000002,265.1,1,0.13341584905047438
616620391,1719830664,37.43488,24.94824833333333,16.8,0.0,1,0.05503838768547109
616620391,1719830666,37.43488,24.948066666666666,16.6,0.0,1,0.13245067774552832
616620391,1719830670,37.435095,24.94755333333333,15.7,269.6,-1,-0.03395920975927813
616620391,1719830672,37.435105,24.947471666666665,15.6,270.3,1,0.13517559312178395
616620391,1719830674,37.43512833333333,24.947311666666668,15.3,271.8,1,0.11780695769600436
616620391,1719830676,37.43515,24.947155,15.0,273.0,1,0.1175545651603137
616620391,1719830680,37.43521166666667,24.94685833333333,14.4,276.3,1,0.06896358154610582
616620391,1719830682,37.43488,24.946716666666667,14.0,0.0,1,0.017977673673168715
616620391,1719830684,37.43529166666666,24.946576666666665,13.8,280.0,1,0.026054921202901316
616620391,1719830686,37.43533666666666,24.946441666666665,13.5,281.90000000000003,1,0.11292982286761549
616620391,1719830688,37.435388333333336,24.946311666666663,13.3,284.0,1,0.1235778305359097
616620391,1719830690,37.43543833333333,24.94618,13.1,285.90000000000003,1,0.12081234887764336
616620391,1719830692,37.43549333333333,24.94605333333333,13.0,288.0,1,0.12614495672746923
616620391,1719830694,37.43555166666667,24.94592833333333,12.8,289.90000000000003,1,0.12060698260524338
616620391,1719830696,37.43561166666667,24.945805,12.7,291.8,1,0.12794265824558748
616620391,1719830698,37.43530666666667,24.94568333333333,12.6,0.0,1,0.04793765027768948
616620391,1719830702,37.435805,24.94545,12.5,297.0,1,0.011828774488831018
616620391,1719830704,37.435875,24.945336666666662,12.4,298.7,1,0.1250279371659896
616620391,1719830706,37.435946666666666,24.945225,12.3,300.3,1,0.12511423406452732
616620391,1719830708,37.43602,24.945115,12.3,301.90000000000003,1,0.1252034689132976
616620391,1719830710,37.436095,24.945006666666668,12.3,303.40000000000003,1,0.12492966366830838
616620391,1719830712,37.43617166666667,24.94489833333333,12.3,304.8,1,0.12550942640478213
616620391,1719830714,37.43625,24.944791666666667,12.3,306.1,1,0.12444124898462106
616620391,1719830718,37.43641,24.94458,12.3,308.3,1,0.11049934640566378
616620391,1719830720,37.43648833333334,24.944476666666667,12.3,309.3,1,0.12624710412600715
616620391,1719830722,37.43656833333333,24.94437333333333,12.3,310.0,1,0.12612885770774696
616620391,1719830724,37.43664666666667,24.944271666666666,12.2,310.6,1,0.12603409285723943
616620391,1719830726,37.43672166666666,24.944171666666666,12.2,311.1,1,0.12615520863739038
616620391,1719830728,37.436798333333336,24.94407333333333,12.1,311.6,1,0.12468241802001567
616620391,1719830730,37.436875,24.943976666666668,12.0,312.1,1,0.12445043298231773
616620391,1719830732,37.43695,24.94388333333333,11.9,312.6,1,0.12153649187190796
616620391,1719830734,37.43702666666667,24.94379333333333,11.8,313.1,1,0.12168890492877993
616620391,1719830736,37.43710333333333,24.943705,11.7,313.8,1,0.12109568702088286
616620391,1719830738,37.437178333333335,24.943618333333333,11.6,314.40000000000003,1,0.12156560279325912
616620391,1719830740,37.43725666666667,24.943535,11.4,315.1,1,0.10929273007359125
616620391,1719830742,37.437333333333335,24.943453333333338,11.3,315.90000000000003,1,0.12124270578138846
616620391,1719830744,37.43741166666667,24.943373333333337,11.2,316.70000000000005,1,0.1204718795344421
616620391,1719830748,37.43757,24.943221666666663,11.0,318.40000000000003,1,0.10063928112937126
616620391,1719830750,37.43744,24.943146666666667,11.0,0.0,1,0.0792064306925106
616620391,1719830751,37.437693333333335,24.94310833333333,11.0,319.70000000000005,1,0.03904583105922732
616620391,1719830752,37.43744,24.94307166666667,11.0,0.0,1,0.06534586523217811
616620391,1719830752,37.437735,24.94307166666667,11.0,320.1,1,0.026297591091157257
616620391,1719830754,37.43782,24.942996666666662,11.0,320.90000000000003,1,0.11916867897855937
616620391,1719830756,37.43790333333333,24.942923333333333,11.0,321.6,1,0.11755638567099286
616620391,1719830756,37.43790333333333,24.942923333333333,11.0,321.6,1,0.07100421701664572
616620391,1719830758,37.43794666666667,24.942886666666663,11.0,322.0,1,0.11009944879729239
616620391,1719830760,37.43803333333334,24.942813333333337,11.0,322.70000000000005,1,0.1183884708502072
616620391,1719830762,37.43812,24.942741666666667,11.0,323.3,1,0.11724612501641457
616620391,1719830763,37.438206666666666,24.942671666666666,11.0,323.90000000000003,1,0.10254681617715172
616620391,1719830764,37.438206666666666,24.942671666666666,11.0,323.90000000000003,1,0.0845656325765054
616620391,1719830766,37.43829333333333,24.942605,11.0,0.0,1,0.08235835401140751
616620391,1719830766,37.43833833333333,24.94257,11.0,325.1,1,0.020916840439015427
616620391,1719830768,37.43829333333333,24.94248,11.0,0.0,1,0.08070198567064074
616620391,1719830770,37.438471666666665,24.94248,11.0,326.5,1,0.05312713626309573
616620391,1719830772,37.438606666666665,24.942398333333333,10.9,328.40000000000003,1,0.10768450013619357
616620391,1719830773,37.438698333333335,24.942351666666667,10.8,329.8,1,0.09385203327689429
616620391,1719830774,37.438698333333335,24.942351666666667,10.8,329.8,1,0.08336455247906593
616620391,1719830776,37.43879166666667,24.94231,10.8,331.5,1,0.1114021225231479
616620391,1719830778,37.43888333333334,24.942271666666667,10.7,333.1,1,0.10518416207295689
616620391,1719830780,37.43897,24.942241666666668,10.5,334.90000000000003,1,0.09446526320493343
616620391,1719830782,37.439056666666666,24.94221333333333,10.3,336.6,1,0.09095412298077132
616620391,1719830784,37.43913833333333,24.94219,10.1,338.20000000000005,1,0.09019501586746731
616620391,1719830786,37.43925333333333,24.942161666666667,9.6,340.5,1,0.04414082268052566
616620391,1719830786,37.439215,24.94217,9.8,339.70000000000005,1,0.056975813705843814
616620391,1719830788,37.43929,24.942153333333337,9.5,341.20000000000005,1,0.06722167822810043
616620391,1719830790,37.43935833333333,24.94213833333333,9.1,342.5,1,0.0567031980035273
616620391,1719830792,37.43942333333333,24.942126666666667,8.8,343.70000000000005,1,0.06621224641872714
616620391,1719830793,37.43948666666667,24.942116666666667,8.4,344.90000000000003,1,0.03968087198609138
616620391,1719830794,37.43948666666667,24.942116666666667,8.4,344.90000000000003,1,0.06551288026617663
616620391,1719830796,37.439545,24.942106666666668,8.1,346.1,1,0.05962735562556065
616620391,1719830797,37.439573333333335,24.942105,7.9,346.70000000000005,1,0.05962457405768262
616620391,1719830798,37.43960166666667,24.942101666666662,7.7,347.3,1,0.05852643781577549
616620391,1719830800,37.439655,24.942098333333337,7.4,348.6,1,0.055081347957472326
616620391,1719830802,37.439573333333335,24.942096666666668,7.1000000000000005,0.0,1,0.06314438613896922
616620391,1719830803,37.43975666666667,24.942095,6.7,351.20000000000005,1,0.0068657612400852
616620391,1719830804,37.43975666666667,24.942095,6.7,351.20000000000005,1,0.04682398118466413
616620391,1719830805,37.43980333333333,24.942096666666668,6.4,352.5,1,0.029807259022931687
616620391,1719830808,37.43985,24.942098333333337,6.1000000000000005,353.8,1,0.03238762998042666
616620391,1719830810,37.43989333333333,24.94210333333333,5.9,355.20000000000005,1,0.04970531434951431
616620391,1719830813,37.439573333333335,24.94211,5.7,0.0,1,0.07961962221274199
616620391,1719830816,37.44003666666666,24.94212,5.5,359.3,1,0.026122232102485654
616620391,1719830820,37.440115,24.94213166666667,5.1000000000000005,1.4,1,0.0540364643530149
616620391,1719830823,37.44016333333333,24.942141666666668,4.7,2.7,1,0.05422174175643024
616620391,1719830826,37.44020666666667,24.94215,4.3,4.0,1,0.05416599465964811
616620391,1719830830,37.440265,24.94216833333333,3.9,6.6000000000000005,1,0.05118588074287278
616620391,1719830833,37.44030333333333,24.942186666666668,3.7,9.3,1,0.07573379137343894
616620391,1719830837,37.44033833333334,24.942208333333333,3.4000000000000004,12.7,1,0.06441839940813787
616620391,1719830840,37.44037166666666,24.94223833333333,3.0,17.900000000000002,1,0.0564554171931253
616620391,1719830843,37.44038833333333,24.942261666666667,2.6,22.700000000000003,1,0.06166804847822649
616620391,1719830846,37.44039833333333,24.942281666666663,2.3000000000000003,27.9,1,0.06746887954713299
616620391,1719830856,37.440385,24.942276666666668,0.6000000000000001,30.6,-1,-0.0321205802058403
616620391,1719830860,37.44037166666666,24.94223833333333,0.3,299.6,-1,-0.030727424768284384
616620391,1719830863,37.44,24.942196666666668,0.7000000000000001,0.0,1,0.006079092414790654
616620391,1719830866,37.440358333333336,24.942145,1.2000000000000002,263.3,-1,-0.02121263618926572
616620391,1719830870,37.44,24.942071666666667,1.8,0.0,-1,-0.022983313140700012
616620391,1719830873,37.44035,24.94202,2.1,264.5,-1,-0.004895709237115131
616620391,1719830877,37.44,24.941961666666668,2.2,0.0,1,0.018727157433767294
616620391,1719830880,37.44034833333333,24.94192333333333,2.2,266.1,1,0.017093881267930766
616620391,1719830883,37.44035,24.941871666666668,2.2,267.8,1,0.08911814064127488
616620391,1719830887,37.440355,24.94183333333333,2.2,270.1,1,0.08200778211048632
616620391,1719830893,37.44036,24.941771666666668,1.8,271.5,1,0.049485712280280425
616620391,1719830896,37.44036166666667,24.94175333333333,1.6,272.0,1,0.07963540737982877
616620391,1719830900,37.44036333333333,24.941736666666667,1.4,273.0,1,0.07713744613182782
616620391,1719830906,37.44,24.94172333333333,0.9,0.0,-1,-0.014103462833211844
616620391,1719830910,37.44037,24.941726666666668,0.6000000000000001,277.2,-1,-0.014221258394923608
616620391,1719830916,37.44038166666667,24.94172,0.4,292.5,1,0.03868351103215162
616620391,1719830920,37.44038833333333,24.941715,0.4,302.5,1,0.05029639483657211
616620391,1719830923,37.44039166666666,24.94171,0.4,303.7,1,0.0697453007528609
616620391,1719830930,37.440396666666665,24.941706666666665,0.2,312.90000000000003,1,0.02598184105655854
616620391,1719830940,37.4404,24.941706666666665,0.1,326.5,1,0.017572721217860354
616620391,1719830950,37.440405,24.941703333333333,0.1,335.1,1,0.025590811714681583
616620391,1719830960,37.44041,24.941706666666665,0.0,12.7,1,0.04436821231114685
616620391,1719830970,37.44,24.941706666666665,0.0,0.0,1,0.040867542382021504
616620391,1719830980,37.44041333333333,24.941706666666665,0.0,69.7,1,0.01418627485784485
616620391,1719830990,37.44041166666667,24.941706666666665,0.0,167.20000000000002,1,0.010377762661476053
616620391,1719831000,37.440401666666666,24.9417,0.1,193.9,1,0.05441295878240093
616620391,1719831010,37.44039166666666,24.941696666666665,0.1,195.3,1,0.0747405632767234
616620391,1719831020,37.440396666666665,24.94169833333333,0.0,166.20000000000002,1,0.06738935713311311
616620391,1719831030,37.4404,24.9417,0.0,59.900000000000006,1,0.005595746914839661
616620391,1719831040,37.440403333333336,24.9417,0.0,85.4,1,0.08399718791252125
616620391,1719831050,37.440403333333336,24.9417,0.0,134.9,1,0.06313247137136457
616620391,1719831060,37.44040666666667,24.9417,0.0,136.9,1,0.09420573209488786
616620391,1719831070,37.44040666666667,24.94169833333333,0.0,168.10000000000002,1,0.0698806832415717
616620391,1719831080,37.440401666666666,24.941696666666665,0.0,182.2,1,0.07828882807490567
616620391,1719831090,37.44,24.941693333333333,0.1,0.0,-1,-0.06148720036141497
616620391,1719831100,37.44039833333333,24.941696666666665,0.0,78.0,1,0.008571049854291246
616620391,1719831110,37.44,24.941701666666667,0.1,0.0,1,0.0037194901302116667
616620391,1719831120,37.440403333333336,24.941701666666667,0.0,65.5,1,0.01280095483046173
616620391,1719831130,37.440396666666665,24.94169833333333,0.1,187.1,-1,-0.02854093374170208
616620391,1719831140,37.44039166666666,24.941695,0.1,189.9,1,0.07679949948773124
616620391,1719831150,37.44039333333333,24.941696666666665,0.0,155.0,1,0.06482196606397439
616620391,1719831170,37.44039166666666,24.94169833333333,0.0,173.3,1,0.02710402915233001
616620391,1719831179,37.44039333333333,24.94169833333333,0.0,163.10000000000002,1,0.08297928046319941
616620391,1719831189,37.440396666666665,24.9417,0.0,107.0,1,0.055259888860003215
616620391,1719831200,37.440396666666665,24.94169833333333,0.0,145.1,1,0.06315237656859463
616620391,1719831210,37.4404,24.9417,0.0,99.4,1,0.06594560141391681
616620391,1719831219,37.440401666666666,24.9417,0.0,119.1,1,0.08159644104550828
616620391,1719831229,37.440403333333336,24.941695,0.0,167.20000000000002,1,0.05533580898704271
616620391,1719831239,37.440403333333336,24.941691666666667,0.0,170.9,1,0.08281125298162678
616620391,1719831249,37.440405,24.941691666666667,0.0,136.8,1,0.07857826664536216
616620391,1719831260,37.44040666666667,24.941693333333333,0.0,96.0,1,0.06542594853587913
616620391,1719831269,37.440405,24.941691666666667,0.0,149.9,1,0.05258883121631541
616620391,1719831279,37.440403333333336,24.941691666666667,0.0,162.8,1,0.08562143767476799
616620391,1719831289,37.440405,24.941691666666667,0.0,133.5,1,0.08284812050809337
616620391,1719831309,37.44040833333333,24.941691666666667,0.0,132.8,1,0.03689593002138947
616620391,1719831320,37.44041,24.941691666666667,0.0,144.8,1,0.08176994485261996
616620391,1719831329,37.44041,24.941693333333333,0.0,125.0,1,0.08029060967528195
616620391,1719831339,37.44041333333333,24.941693333333333,0.0,66.5,1,0.045613032365079964
616620391,1719831359,37.44042,24.941696666666665,0.0,60.1,1,0.03131029075480163
616620391,1719831369,37.44041666666666,24.9417,0.0,85.0,1,0.08259723671710056
616620391,1719831379,37.44041333333333,24.9417,0.0,133.8,1,0.06531105731528908
616620391,1719831389,37.44041,24.9417,0.0,179.0,1,0.04949700556744985
616620391,1719831399,37.44040833333333,24.94169833333333,0.0,173.20000000000002,1,0.08192608358466591
616620391,1719831409,37.44040833333333,24.941696666666665,0.0,171.3,1,0.07924834252569735
616620391,1719831419,37.44040666666667,24.941696666666665,0.0,176.8,1,0.07827395747154348
616620391,1719831431,37.440405,24.941696666666665,0.0,164.9,1,0.0731279706317497
616620391,1719831439,37.44040666666667,24.9417,0.0,106.6,1,0.042941849039711544
616620391,1719831459,37.4404,24.941696666666665,0.0,183.3,-1,-0.027779901921701544
616620391,1719831469,37.440396666666665,24.941693333333333,0.0,185.5,1,0.07902592780464757
616620391,1719831479,37.440401666666666,24.941696666666665,0.0,63.3,-1,-0.00990748319949264
616620391,1719831491,37.44040666666667,24.94169833333333,0.0,42.5,1,0.06682343069495156
616620391,1719831499,37.44,24.9417,0.0,0.0,1,0.030724784444253306
616620391,1719831509,37.44040666666667,24.94169833333333,0.0,149.4,-1,-0.04894256343261805
616620391,1719831529,37.440396666666665,24.941693333333333,0.1,189.6,-1,-0.009215211034952597
616620391,1719831539,37.4404,24.941695,0.0,98.2,1,0.01683903200920378
616620391,1719831551,37.440403333333336,24.941696666666665,0.0,71.9,1,0.07087288466277242
616620391,1719831559,37.440401666666666,24.941695,0.0,157.4,1,0.019684300285149448
616620391,1719831569,37.4404,24.941693333333333,0.0,170.8,1,0.08330973513159068
616620391,1719831579,37.440403333333336,24.941696666666665,0.0,73.3,1,0.017167554216779513
616620391,1719831590,37.440405,24.941696666666665,0.0,78.5,1,0.07975846371970624
616620391,1719831619,37.44040666666667,24.9417,0.0,135.8,-1,-0.016644195258109673
616620391,1719831629,37.44040666666667,24.9417,0.0,153.4,1,0.084462443602348
616620391,1719831639,37.440405,24.9417,0.0,170.8,1,0.0810606457838422
616620391,1719831650,37.440403333333336,24.9417,0.0,173.9,1,0.07408716067042942
616620391,1719831660,37.440403333333336,24.941701666666667,0.0,150.20000000000002,1,0.080565438484066
616620391,1719831671,37.44040666666667,24.941703333333333,0.0,79.7,1,0.03661563731769213
616620391,1719831680,37.44040666666667,24.941703333333333,0.0,73.0,1,0.08155950862005978
616620391,1719831690,37.4404,24.94169833333333,0.0,150.9,1,0.030006808145582764
616620391,1719831700,37.44,24.94169833333333,0.0,0.0,-1,-0.045340923761575724
616620391,1719831710,37.440396666666665,24.94169833333333,0.0,154.8,-1,-0.05421967129251137
616620391,1719831720,37.44039833333333,24.94169833333333,0.0,119.9,1,0.0765041902044864
616620391,1719831731,37.4404,24.9417,0.0,94.8,1,0.07917074104636201
616620391,1719831740,37.4404,24.941701666666667,0.0,123.6,1,0.07610628659657914
616620391,1719831750,37.4404,24.9417,0.0,174.60000000000002,1,0.04776047528918037
616620391,1719831759,37.440396666666665,24.9417,0.1,186.5,1,0.07047212902227673
616620391,1719831770,37.44039166666666,24.941696666666665,0.1,189.6,1,0.06971717221330742
616620391,1719831780,37.440395,24.9417,0.0,157.5,1,0.06849726702246373
616620391,1719831791,37.44039833333333,24.941703333333333,0.0,87.10000000000001,1,0.037490363287868034
616620391,1719831800,37.44039833333333,24.941705,0.0,121.0,1,0.06958220091758305
616620391,1719831810,37.440396666666665,24.941705,0.0,165.3,1,0.05768670730449721
616620391,1719831819,37.44039333333333,24.941703333333333,0.1,180.8,1,0.06996204514753035
616620391,1719831830,37.44039333333333,24.941725,0.2,105.2,1,0.016648885852675765
616620391,1719831850,37.44036333333333,24.941873333333337,1.3,106.5,-1,-0.04485210695202113
616620391,1719831860,37.440345,24.941973333333333,1.6,105.8,1,0.05742870942359957
616620391,1719831870,37.44,24.94208,1.7000000000000002,0.0,-1,-0.009924803405120475
616620391,1719831876,37.440311666666666,24.942125,1.5,107.0,-1,-0.0033556016958780077
616620391,1719831883,37.4403,24.94216,1.2000000000000002,109.8,1,0.0719355141409117
616620391,1719831886,37.44029333333334,24.94217,1.1,113.2,1,0.09460028963210476
616620391,1719831891,37.44,24.94217666666667,0.9,0.0,-1,-0.008998154559290317
616620391,1719831893,37.44027333333333,24.94217833333333,0.8,131.3,-1,-0.026690688889077663
616620391,1719831896,37.44026,24.94217833333333,0.8,143.3,1,0.08721676646495741
616620391,1719831900,37.44025166666667,24.942191666666663,0.8,141.0,1,0.09405417960740187
616620391,1719831903,37.44024833333334,24.942208333333333,0.8,130.70000000000002,1,0.08811014304877551
616620391,1719831907,37.44,24.94222333333333,0.8,0.0,-1,-0.01927361815799178
616620391,1719831910,37.44023833333333,24.94223833333333,0.8,123.2,-1,-0.009121554473690008
616620391,1719831913,37.44023166666667,24.94225,0.8,123.8,1,0.09373573441508354
616620391,1719831917,37.44022,24.942266666666665,0.9,126.7,1,0.09321102898087558
616620391,1719831920,37.44,24.94228,0.9,0.0,-1,-0.008273212579884892
616620391,1719831923,37.44020666666667,24.94229333333333,0.9,125.3,-1,-0.014343706747272256
616620391,1719831926,37.440198333333335,24.942306666666667,0.9,126.2,1,0.09386968390567169
616620391,1719831930,37.440185,24.94232333333333,0.9,129.3,1,0.09495704306309471
616620391,1719831933,37.440176666666666,24.94233833333333,1.0,128.6,1,0.08981544832145572
616620391,1719831937,37.44016666666667,24.942361666666667,1.0,125.7,1,0.09483603975293187
616620391,1719831939,37.44016166666667,24.94237333333333,1.0,124.3,1,0.09235427996975143
616620391,1719831943,37.44,24.94239333333333,1.0,0.0,-1,-0.011671914365783187
616620391,1719831950,37.440135,24.942415,0.9,129.6,-1,-0.03155603166844312
616620391,1719831956,37.44012166666667,24.942416666666663,0.6000000000000001,144.20000000000002,1,0.06207626493085561
616620391,1719831963,37.44011166666667,24.942408333333333,0.4,168.3,1,0.05480741051660054
616620391,1719831967,37.440105,24.94240333333333,0.4,179.8,1,0.07743126642150766
616620391,1719831970,37.4401,24.942396666666667,0.4,192.3,1,0.07225665096823031
616620391,1719831973,37.440095,24.942401666666665,0.4,181.1,1,0.0782010930424148
616620391,1719831977,37.440086666666666,24.942425,0.5,147.0,1,0.06368221224311343
616620391,1719831980,37.44006666666667,24.94249,1.1,121.7,1,0.024087765325095045
616620391,1719831983,37.44004833333333,24.942541666666667,1.7000000000000002,118.0,1,0.04663826587823028
616620391,1719831986,37.440023333333336,24.94260166666667,2.2,117.6,1,0.05283670098214388
616620391,1719831990,37.43999166666666,24.94267,2.8000000000000003,118.6,1,0.04558055466351019
616620391,1719831993,37.439573333333335,24.942748333333338,3.4000000000000004,0.0,-1,-0.04315846189453998
616620391,1719831996,37.43988333333333,24.942856666666668,4.2,123.4,-1,-0.05255633405688642
616620391,1719831999,37.43982166666667,24.942945,4.800000000000001,126.1,1,0.04763705485240255
616620391,1719832003,37.43974833333333,24.943038333333337,5.4,128.9,1,0.05020283076018739
616620391,1719832007,37.439573333333335,24.943171666666668,6.4,0.0,-1,-0.07668761129388091
616620391,1719832010,37.43947666666666,24.943315,7.5,136.9,-1,-0.08572239226550704
616620391,1719832013,37.439393333333335,24.94338833333333,8.1,138.70000000000002,1,0.062280660070486604
616620391,1719832016,37.439205,24.94354333333333,9.3,141.9,1,0.024587910604403573
616620391,1719832020,37.43904833333333,24.943663333333333,10.3,144.0,1,0.03237492184780855
616620391,1719832023,37.438876666666665,24.943786666666668,11.2,145.8,1,0.046536111677193515
616620391,1719832030,37.438435,24.944088333333333,13.2,149.0,-1,-0.033226841044783906
616620391,1719832033,37.43823,24.944213333333337,14.0,150.4,1,0.052272116145866576
616620391,1719832037,37.43794,24.944378333333333,15.0,152.1,1,0.0291782831549382
616620391,1719832040,37.437715,24.944501666666667,15.6,153.20000000000002,1,0.07555263932795475
616620391,1719832046,37.43726,24.94476,16.6,154.4,1,0.013864575079917119
616620391,1719832047,37.437185,24.94480666666667,16.8,154.4,1,0.1077430924137816
616620391,1719832052,37.43658666666666,24.94505833333333,17.400000000000002,0.0,-1,-0.06019887158583892
616620391,1719832053,37.436733333333336,24.945111666666666,17.5,153.1,-1,-0.025747474034230722
616620391,1719832058,37.43638333333333,24.94541,17.7,150.3,1,0.09949797167701724
616620391,1719832059,37.43631666666667,24.945475,17.8,149.6,1,0.11890039777822653
616620391,1719832064,37.43600333333333,24.94583,17.900000000000002,145.20000000000002,1,0.10752620667972129
616620391,1719832070,37.43568833333333,24.946315,17.7,138.3,1,0.08210999628708482
616620391,1719832072,37.43560166666666,24.94648833333333,17.6,135.6,1,0.1418887493200504
616620391,1719832074,37.435525,24.946666666666665,17.5,132.8,1,0.14250510972958552
616620391,1719832078,37.43537833333333,24.94712,17.0,125.3,1,0.07650449660352188
616620391,1719832080,37.43533833333333,24.947303333333338,16.7,122.0,1,0.122637947380421
616620391,1719832080,37.43533833333333,24.947303333333338,16.7,122.0,1,0.09972644455736285
616620391,1719832082,37.43531,24.947486666666663,16.5,118.6,1,0.1334619447553127
616620391,1719832084,37.43488,24.94767166666667,16.3,0.0,1,0.008116859077941796
616620391,1719832086,37.43488,24.947863333333338,16.1,0.0,1,0.13217748161880066
616620391,1719832089,37.43488,24.94805833333333,16.1,0.0,1,0.1410737735466413
616620391,1719832090,37.435298333333336,24.94825833333333,16.1,103.9,1,0.009750157788416258
616620391,1719832090,37.43529166666666,24.94815833333333,16.1,105.7,1,0.1048458935184482
616620391,1719832092,37.435316666666665,24.94845833333333,16.1,100.3,1,0.13239781215973723
616620391,1719832094,37.435345,24.94865833333333,16.2,96.7,1,0.14540104301172624
616620391,1719832096,37.435385,24.948855,16.3,92.9,1,0.1479811170765703
616620391,1719832098,37.43544,24.949056666666667,16.400000000000002,89.10000000000001,1,0.1483184851490768
616620391,1719832100,37.435505,24.94926,16.7,85.2,1,0.12996635723428934
616620391,1719832104,37.435625,24.949573333333333,17.2,79.5,1,0.08831435714738362
616620391,1719832106,37.435768333333336,24.949895,17.900000000000002,74.3,1,0.07001296739773177
616620391,1719832108,37.43582166666667,24.950001666666665,18.2,72.60000000000001,1,0.12576627510568955
616620391,1719832110,37.43599833333333,24.950333333333333,19.200000000000003,68.0,1,0.03391589082351287
616620391,1719832112,37.43606333333334,24.95044333333333,19.5,66.5,1,0.1345270817298978
616620391,1719832114,37.43626833333333,24.950783333333337,20.6,62.6,1,0.031695401348720176
616620391,1719832116,37.43634166666666,24.950895,20.9,61.400000000000006,1,0.13412002591911293
616620391,1719832118,37.43649166666667,24.951121666666666,21.6,59.2,1,0.08409941803096377
616620391,1719832120,37.43665,24.951351666666667,22.3,57.2,1,0.0844072803165773
616620391,1719832122,37.43681333333333,24.951578333333337,22.9,55.400000000000006,1,0.09669123133368662
616620391,1719832124,37.43707333333333,24.95191833333333,23.8,52.900000000000006,1,0.05018677394527704
616620391,1719832126,37.43716333333333,24.95203,24.1,52.1,1,0.13981786624761772
616620391,1719832126,37.437255,24.95214,24.4,51.3,1,0.1072184266666909
616620391,1719832128,37.43734833333333,24.95225,24.6,50.5,1,0.15248394246067448
616620391,1719832128,37.43744333333333,24.952358333333333,24.9,49.8,1,0.10409736638195927
616620391,1719832130,37.43754,24.952465,25.1,49.0,1,0.1501351803184311
616620391,1719832130,37.43763833333333,24.95257,25.4,48.1,1,0.10173914805892442
616620391,1719832132,37.43784333333333,24.95277833333333,25.8,46.5,1,0.12725504632044943
616620391,1719832132,37.43774,24.952676666666665,25.6,47.3,1,0.11867357308057935
616620391,1719832135,37.43805166666667,24.95298,26.200000000000003,44.8,1,0.08595066944587876
616620391,1719832136,37.43815833333333,24.953078333333337,26.4,44.0,1,0.14088118886805878
616620391,1719832137,37.43826666666666,24.95317333333333,26.6,43.2,1,0.14116006085437016
616620391,1719832139,37.43829333333333,24.95336333333333,26.9,0.0,1,0.07525312488578517
616620391,1719832140,37.43859833333333,24.953456666666668,27.0,40.900000000000006,1,0.09803010819066427
616620391,1719832142,37.438825,24.953641666666663,27.3,39.5,1,0.1503650990071267
616620391,1719832142,37.43894,24.953731666666663,27.5,38.8,1,0.1255580591334391
616620391,1719832144,37.439055,24.953821666666663,27.6,38.1,1,0.17690352071539867
616620391,1719832146,37.43929,24.95399833333333,27.9,36.9,1,0.15321827115427356
616620391,1719832149,37.43964833333333,24.95425833333333,28.3,35.1,1,0.11640727160641845
616620391,1719832151,37.43976833333333,24.954343333333338,28.4,34.6,1,0.17802971273106916
616620391,1719832152,37.44,24.954508333333333,28.700000000000003,0.0,1,0.07497590420091738
616620391,1719832154,37.44026,24.95467333333333,28.9,32.5,1,0.12260846516924279
616620391,1719832155,37.44,24.95467333333333,28.9,0.0,1,0.12201490161524964
616620391,1719832158,37.44076333333334,24.95499,29.3,30.6,1,0.057202046680815966
616620391,1719832160,37.44102,24.955141666666663,29.5,29.700000000000003,1,0.1733596387926185
616620391,1719832162,37.44127666666667,24.955295,29.700000000000003,29.0,1,0.17531820123212982
616620391,1719832165,37.441535,24.955446666666667,29.8,28.3,1,0.18899877567751194
616620391,1719832166,37.441795,24.95559666666667,30.0,27.700000000000003,1,0.16056225823642828
616620391,1719832166,37.441795,24.95559666666667,30.0,27.700000000000003,1,0.1432801832294941
616620391,1719832169,37.442058333333335,24.95574333333333,30.200000000000003,27.0,1,0.1747754864001807
616620391,1719832172,37.442593333333335,24.95602166666667,30.5,25.6,1,0.1378220358707406
616620391,1719832175,37.44286666666667,24.956146666666665,30.6,24.700000000000003,1,0.19622984266099214
616620391,1719832176,37.44314333333333,24.95626333333333,30.700000000000003,23.700000000000003,1,0.18532492066117207
616620391,1719832179,37.443421666666666,24.95637,30.8,22.6,1,0.19640659409864886
616620391,1719832180,37.443845,24.956506666666662,30.9,20.6,1,0.160639300636589
616620391,1719832182,37.44412833333333,24.956586666666663,30.9,19.200000000000003,1,0.20456590932355523
616620391,1719832185,37.444415,24.956656666666667,30.9,17.900000000000002,1,0.20080887854534651
616620391,1719832187,37.44469333333333,24.956723333333333,31.0,0.0,1,0.16083153112502246
616620391,1719832188,37.44499,24.956783333333338,31.0,15.4,1,0.15873611402482934
616620391,1719832191,37.44527833333333,24.95684,31.1,14.3,1,0.19371421316475768
616620391,1719832192,37.44556833333333,24.956895,31.1,13.3,1,0.18982502469497248
616620391,1719832195,37.44585833333333,24.956948333333333,31.200000000000003,12.4,1,0.19324631396636427
616620391,1719832197,37.44615,24.957005,31.3,11.8,1,0.19994317733981792
616620391,1719832199,37.446443333333335,24.957061666666668,31.4,11.3,1,0.19766467497516022
616620391,1719832200,37.446736666666666,24.95712,31.5,10.9,1,0.18098424855533396
616620391,1719832203,37.44703333333333,24.95718,31.6,10.6,1,0.1968353813973882
616620391,1719832204,37.44732833333333,24.95724,31.700000000000003,10.3,1,0.1835596653306097
616620391,1719832206,37.447626666666665,24.9573,31.8,10.1,1,0.20384387545992472
616620391,1719832209,37.447925,24.95735833333333,32.0,9.9,1,0.17783731422782856
616620391,1719832211,37.448225,24.957418333333333,32.1,9.8,1,0.20509521808306896
616620391,1719832212,37.448525,24.95748,32.2,9.7,1,0.1869739641561119
616620391,1719832215,37.44882666666667,24.95754,32.300000000000004,9.6,1,0.20062769173978773
616620391,1719832216,37.44913,24.957601666666665,32.4,9.5,1,0.1875697537569786
616620391,1719832218,37.44943166666667,24.957663333333333,32.5,9.5,1,0.20451329367904203
616620391,1719832222,37.45003833333333,24.957791666666665,32.7,9.5,1,0.16328419068757705
616620391,1719832225,37.45034166666667,24.95786,32.800000000000004,9.6,1,0.20023107065115864
616620391,1719832229,37.45095,24.957996666666663,32.9,9.8,1,0.18753529180226847
616620391,1719832230,37.451103333333336,24.958031666666667,33.0,9.8,1,0.18147085364491244
616620391,1719832233,37.45156,24.958133333333333,33.1,9.9,1,0.19481719935590008
616620391,1719832235,37.451865,24.9582,33.1,9.9,1,0.22030111814296466
616620391,1719832236,37.45194666666666,24.95823333333333,33.1,0.0,1,0.14887064760423319
616620391,1719832240,37.45263166666667,24.958366666666667,33.2,9.9,1,0.15721801505424404
616620391,1719832242,37.452938333333336,24.958431666666662,33.300000000000004,9.9,1,0.2059243996444462
616620391,1719832245,37.453245,24.95849833333333,33.300000000000004,9.8,1,0.21072138430258336
616620391,1719832246,37.45355333333333,24.958565,33.4,9.8,1,0.18665041535748322
616620391,1719832251,37.45417,24.958701666666663,33.5,9.9,1,0.1752617428911717
616620391,1719832252,37.45447833333333,24.958773333333333,33.5,10.0,1,0.20126885410470696
616620391,1719832257,37.45493333333334,24.95895833333333,33.6,0.0,1,0.14690816094785114
616620391,1719832259,37.45540666666667,24.958996666666668,33.7,10.3,1,0.1687128616078037
616620391,1719832260,37.455715,24.959071666666667,33.7,10.5,1,0.1987290295483285
616620391,1719832263,37.456025,24.959146666666665,33.800000000000004,10.5,1,0.19669499435586724
616620391,1719832264,37.456335,24.95921833333333,33.800000000000004,10.5,1,0.1955750232082848
616620391,1719832266,37.45664666666666,24.95929,33.800000000000004,10.5,1,0.2170226933418612
616620391,1719832269,37.45695833333333,24.959358333333338,33.9,10.4,1,0.19886505315428704
616620391,1719832271,37.45706666666667,24.959423333333337,33.9,0.0,1,0.1742047745147126
616620391,1719832272,37.45758333333333,24.95948333333333,33.9,10.0,1,0.15368917861048575
616620391,1719832276,37.45820833333333,24.9596,33.9,9.5,1,0.1921057348968495
616620391,1719832278,37.45852166666667,24.959655,34.0,9.2,1,0.2047743083368606
616620391,1719832280,37.45899,24.959738333333338,34.0,9.0,1,0.20552322659286093
616620391,1719832282,37.45930333333333,24.959795,34.0,8.8,1,0.21910491664251613
616620391,1719832285,37.45961666666667,24.95985,34.0,8.700000000000001,1,0.20940089502990844
616620391,1719832290,37.46055333333333,24.96002333333333,34.0,8.5,1,0.162484200823786
616620391,1719832295,37.46118,24.960141666666665,34.0,8.6,1,0.1778880959604151
616620391,1719832296,37.461495,24.96020333333333,34.0,8.6,1,0.19434382578463805
616620391,1719832299,37.46180833333333,24.960263333333337,34.1,8.6,1,0.19203385161744618
616620391,1719832300,37.46212166666667,24.960325,34.1,8.700000000000001,1,0.19234585221376488
616620391,1719832302,37.462435,24.960385,34.1,8.700000000000001,1,0.21354658578438174
616620391,1719832305,37.46275,24.960443333333338,34.1,8.6,1,0.20441094587772024
616620391,1719832307,37.46304,24.96050333333333,34.1,0.0,1,0.18854683555675716
616620391,1719832308,37.46337833333333,24.96056,34.1,8.6,1,0.16495546673054373
616620391,1719832311,37.46369166666667,24.960616666666667,34.1,8.5,1,0.20441094587772024
616620391,1719832312,37.464005,24.96066833333333,34.1,8.3,1,0.1925785924695254
616620391,1719832315,37.46431833333333,24.960716666666663,34.1,8.1,1,0.20557337524689467
616620391,1719832317,37.46463166666667,24.960755,34.0,7.7,1,0.20354813536847172
616620391,1719832319,37.464945,24.960786666666667,34.0,7.1000000000000005,1,0.21752233643339436
616620391,1719832320,37.46525833333333,24.96081,34.0,6.5,1,0.1967660028928787
616620391,1719832324,37.46588,24.960841666666667,33.800000000000004,5.2,1,0.15622426112923726
616620391,1719832326,37.46619166666667,24.96085666666667,33.7,4.7,1,0.20459272068329087
616620391,1719832329,37.466503333333335,24.96087,33.7,4.2,1,0.2094175214233211
616620391,1719832331,37.46681333333333,24.96088333333333,33.6,3.8,1,0.20548251859100275
616620391,1719832332,37.46696833333333,24.960888333333333,33.6,3.6,1,0.19031246820246184
616620391,1719832335,37.46743666666666,24.960898333333333,33.6,3.0,1,0.20047900185032125
616620391,1719832336,37.46759166666666,24.960898333333333,33.6,2.7,1,0.18761130519667085
616620391,1719832338,37.467733333333335,24.96090166666667,33.6,0.0,1,0.19505982573029435
616620391,1719832340,37.46821666666666,24.960898333333333,33.6,1.9,1,0.19426883842272857
616620391,1719832342,37.46852833333333,24.960895,33.6,1.4,1,0.21630175965878
616620391,1719832345,37.469,24.960886666666667,33.6,0.9,1,0.1993708387189585
616620391,1719832346,37.46915666666667,24.96088333333333,33.6,0.7000000000000001,1,0.18971278923103246
616620391,1719832349,37.46947,24.96087333333333,33.6,0.4,1,0.20774094342417138
616620391,1719832350,37.469785,24.960865,33.7,0.1,1,0.18231518175146255
616620391,1719832353,37.47025666666666,24.96084,33.7,359.5,1,0.13444337364522418
616620391,1719832355,37.47057,24.96082,33.7,359.1,1,0.15826616347710282
616620391,1719832357,37.47072,24.960808333333333,33.7,0.0,1,0.20722106008420632
616620391,1719832359,37.47072,24.960778333333337,33.7,0.0,1,0.18557348399316842
616620391,1719832360,37.47135166666666,24.96074833333333,33.7,357.8,1,0.09233704675530635
616620391,1719832362,37.471665,24.96071166666667,33.7,357.3,1,0.15544779840119166
616620391,1719832365,37.47197666666667,24.960675,33.7,356.90000000000003,1,0.1470354188826694
616620391,1719832368,37.47260166666667,24.96061333333333,33.7,356.40000000000003,1,0.12519524606456262
616620391,1719832371,37.47291333333333,24.960586666666668,33.7,356.3,1,0.14824369873881849
616620391,1719832375,37.47328,24.960531666666668,33.6,0.0,1,0.17648220692438776
616620391,1719832377,37.473706666666665,24.96049,33.6,0.0,1,0.2054709251609586
616620391,1719832379,37.47415,24.960441666666668,33.5,355.40000000000003,1,0.1069945199879147
616620391,1719832380,37.47445666666667,24.96038666666667,33.5,354.8,1,0.13999145914760963
616620391,1719832383,37.474915,24.960293333333333,33.4,353.8,1,0.11777317552840666
616620391,1719832384,37.47522,24.960226666666667,33.4,353.20000000000005,1,0.14031448162815557
616620391,1719832386,37.475525,24.96015833333333,33.4,352.6,1,0.1586243542820448
616620391,1719832389,37.47583,24.960093333333333,33.4,352.20000000000005,1,0.15161164524954418
616620391,1719832391,37.47613666666667,24.96003,33.4,351.90000000000003,1,0.16302015308352003
616620391,1719832392,37.476445,24.95996833333333,33.4,351.70000000000005,1,0.14537934460358015
616620391,1719832395,37.476753333333335,24.95990833333333,33.4,351.6,1,0.15396596294209214
616620391,1719832396,37.47706166666666,24.95985,33.5,351.6,1,0.1270858873803345
616620391,1719832398,37.47737166666667,24.959793333333337,33.5,351.6,1,0.1625890679517069
616620391,1719832400,37.47767833333333,24.95973333333333,33.5,351.5,1,0.1648752336884064
616620391,1719832405,37.47829166666666,24.95959833333333,33.5,351.1,1,0.11916845372957213
616620391,1719832406,37.4784,24.959523333333333,33.5,0.0,1,0.16247614121593362
616620391,1719832409,37.47882666666667,24.959441666666667,33.5,0.0,1,0.19792943131116075
616620391,1719832410,37.479205,24.959356666666668,33.5,349.8,1,0.10244924233037683
616620391,1719832413,37.47951,24.959268333333338,33.5,349.3,1,0.15535501022023723
616620391,1719832415,37.479815,24.959178333333337,33.5,348.8,1,0.16545292128684302
616620391,1719832416,37.48011833333333,24.959085,33.5,348.40000000000003,1,0.15004965107351187
616620391,1719832419,37.480425,24.95899333333333,33.6,348.1,1,0.14409855790557846
616620391,1719832420,37.48072833333333,24.9589,33.6,347.8,1,0.15001015957356673
616620391,1719832422,37.48103166666667,24.958805,33.6,347.5,1,0.16883597422610236
616620391,1719832427,37.481386666666666,24.9586,33.7,0.0,1,0.1450335566789132
616620391,1719832428,37.48194166666666,24.958491666666667,33.7,346.20000000000005,1,0.07855231081993314
616620391,1719832432,37.48254333333333,24.958261666666665,33.7,345.20000000000005,1,0.13412852257711982
616620391,1719832435,37.482845,24.95814333333333,33.7,344.8,1,0.15975269486104182
616620391,1719832437,37.48314333333333,24.958025,33.800000000000004,344.40000000000003,1,0.15454635999983257
616620391,1719832438,37.483445,24.957906666666663,33.800000000000004,344.1,1,0.15181720037141944
616620391,1719832440,37.48352,24.95784833333333,33.800000000000004,0.0,1,0.15987118805353273
616620391,1719832443,37.48394666666667,24.957671666666663,33.800000000000004,0.0,1,0.19545437265454502
616620391,1719832444,37.484195,24.95761333333333,33.800000000000004,343.5,1,0.09847706666509154
616620391,1719832450,37.48509,24.957238333333333,33.800000000000004,342.70000000000005,1,0.08666774774900954
616620391,1719832455,37.48583333333333,24.956906666666665,33.800000000000004,341.8,1,0.1071277348862687
616620391,1719832460,37.48657166666667,24.956561666666666,33.9,341.0,1,0.09188997904780488
616620391,1719832463,37.48686666666666,24.956421666666667,33.9,340.70000000000005,1,0.16253162433079632
616620391,1719832470,37.48803333333333,24.95582333333333,33.9,339.1,1,0.04871243865834429
616620391,1719832473,37.48832166666666,24.95566,33.9,338.5,1,0.15802991967602698
616620391,1719832479,37.48918166666667,24.95516,33.9,337.0,1,0.0823594233257271
616620391,1719832480,37.489466666666665,24.95499,33.9,336.6,1,0.15401730639303807
616620391,1719832482,37.48975333333333,24.95482,34.0,336.3,1,0.15803769611213042
616620391,1719832484,37.490185,24.95456833333333,34.0,335.90000000000003,1,0.15753582346369782
616620391,1719832486,37.49047333333333,24.95440333333333,34.0,335.8,1,0.17442265325204848
616620391,1719832488,37.49076166666666,24.95424,34.0,335.8,1,0.17158215836288687
616620391,1719832496,37.491908333333335,24.95359,33.9,335.6,1,0.047552693952045755
616620391,1719832502,37.492745,24.953055,33.800000000000004,334.5,1,0.0772552717626947
616620391,1719832504,37.49302,24.952866666666665,33.800000000000004,334.0,1,0.17550115801353633
616620391,1719832509,37.493566666666666,24.95247833333333,33.800000000000004,332.90000000000003,1,0.12991142180267623
616620391,1719832515,37.49438666666666,24.95189166666667,33.800000000000004,331.70000000000005,1,0.08945269752419677
616620391,1719832516,37.49466,24.9517,33.800000000000004,331.5,1,0.161866469205463
616620391,1719832519,37.49493,24.951508333333333,33.7,331.40000000000003,1,0.16187954903172302
